# Procedural metaphor ribbon
mtllib metaphor-ribbon.mtl
o metaphor_ribbon
v -1.86931020 -0.99985713 0.04500000
v -1.84286931 -0.99915026 0.03640576
v -1.82652794 -0.99871339 0.01390576
v -1.82652794 -0.99871339 -0.01390576
v -1.84286931 -0.99915026 -0.03640576
v -1.86931020 -0.99985713 -0.04500000
v -1.89575109 -1.00056401 -0.03640576
v -1.91209246 -1.00100088 -0.01390576
v -1.91209246 -1.00100088 0.01390576
v -1.89575109 -1.00056401 0.03640576
v -1.78346652 -0.97533202 0.04500000
v -1.75702563 -0.97462515 0.03640576
v -1.74068426 -0.97418828 0.01390576
v -1.74068426 -0.97418828 -0.01390576
v -1.75702563 -0.97462515 -0.03640576
v -1.95634163 -0.97995368 -0.04500000
v -1.98278252 -0.98066055 -0.03640576
v -1.99912389 -0.98109742 -0.01390576
v -1.99912389 -0.98109742 0.01390576
v -1.98278252 -0.98066055 0.03640576
v -1.73229819 -0.95173392 0.04500000
v -1.70585730 -0.95102705 0.03640576
v -1.68951593 -0.95059018 0.01390576
v -1.68951593 -0.95059018 -0.01390576
v -1.70585730 -0.95102705 -0.03640576
v -2.00869772 -0.95912320 -0.04500000
v -2.03513860 -0.95983008 -0.03640576
v -2.05147997 -0.96026695 -0.01390576
v -2.05147997 -0.96026695 0.01390576
v -2.03513860 -0.95983008 0.03640576
v -1.69504641 -0.92850787 0.04500000
v -1.66860552 -0.92780100 0.03640576
v -1.65226415 -0.92736413 0.01390576
v -1.65226415 -0.92736413 -0.01390576
v -1.66860552 -0.92780100 -0.03640576
v -2.04713725 -0.93792069 -0.04500000
v -2.07357814 -0.93862756 -0.03640576
v -2.08991951 -0.93906443 -0.01390576
v -2.08991951 -0.93906443 0.01390576
v -2.07357814 -0.93862756 0.03640576
v -1.66534369 -0.90548363 0.04500000
v -1.63890280 -0.90477676 0.03640576
v -1.62256143 -0.90433989 0.01390576
v -1.62256143 -0.90433989 -0.01390576
v -1.63890280 -0.90477676 -0.03640576
v -2.07802773 -0.91651635 -0.04500000
v -2.10446862 -0.91722322 -0.03640576
v -2.12080999 -0.91766010 -0.01390576
v -2.12080999 -0.91766010 0.01390576
v -2.10446862 -0.91722322 0.03640576
v -1.64069789 -0.88259459 0.04500000
v -1.61425700 -0.88188772 0.03640576
v -1.59791564 -0.88145085 0.01390576
v -1.59791564 -0.88145085 -0.01390576
v -1.61425700 -0.88188772 -0.03640576
v -2.10386128 -0.89497683 -0.04500000
v -2.13030217 -0.89568370 -0.03640576
v -2.14664354 -0.89612057 -0.01390576
v -2.14664354 -0.89612057 0.01390576
v -2.13030217 -0.89568370 0.03640576
v -1.61982148 -0.85980632 0.04500000
v -1.59338059 -0.85909945 0.03640576
v -1.57703922 -0.85866257 0.01390576
v -1.57703922 -0.85866257 -0.01390576
v -1.59338059 -0.85909945 -0.03640576
v -2.12592545 -0.87333653 -0.04500000
v -2.15236634 -0.87404340 -0.03640576
v -2.16870771 -0.87448027 -0.01390576
v -2.16870771 -0.87448027 0.01390576
v -2.15236634 -0.87404340 0.03640576
v -1.60194643 -0.83709828 0.04500000
v -1.57550554 -0.83639141 0.03640576
v -1.55916417 -0.83595454 0.01390576
v -1.55916417 -0.83595454 -0.01390576
v -1.57550554 -0.83639141 -0.03640576
v -2.14498826 -0.85161599 -0.04500000
v -2.17142915 -0.85232286 -0.03640576
v -2.18777052 -0.85275974 -0.01390576
v -2.18777052 -0.85275974 0.01390576
v -2.17142915 -0.85232286 0.03640576
v -1.58657217 -0.81445710 0.04500000
v -1.56013128 -0.81375023 0.03640576
v -1.54378991 -0.81331336 0.01390576
v -1.54378991 -0.81331336 -0.01390576
v -1.56013128 -0.81375023 -0.03640576
v -2.16155027 -0.82982860 -0.04500000
v -2.18799116 -0.83053547 -0.03640576
v -2.20433253 -0.83097234 -0.01390576
v -2.20433253 -0.83097234 0.01390576
v -2.18799116 -0.83053547 0.03640576
v -1.57335259 -0.79187353 0.04500000
v -1.54691170 -0.79116666 0.03640576
v -1.53057033 -0.79072979 0.01390576
v -1.53057033 -0.79072979 -0.01390576
v -1.54691170 -0.79116666 -0.03640576
v -2.17595761 -0.80798360 -0.04500000
v -2.20239850 -0.80869048 -0.03640576
v -2.21873987 -0.80912735 -0.01390576
v -2.21873987 -0.80912735 0.01390576
v -2.20239850 -0.80869048 0.03640576
v -1.56203832 -0.76934089 0.04500000
v -1.53559743 -0.76863402 0.03640576
v -1.51925606 -0.76819715 0.01390576
v -1.51925606 -0.76819715 -0.01390576
v -1.53559743 -0.76863402 -0.03640576
v -2.18845964 -0.78608767 -0.04500000
v -2.21490053 -0.78679454 -0.03640576
v -2.23124189 -0.78723142 -0.01390576
v -2.23124189 -0.78723142 0.01390576
v -2.21490053 -0.78679454 0.03640576
v -1.55244454 -0.74685425 0.04500000
v -1.52600365 -0.74614738 0.03640576
v -1.50966228 -0.74571051 0.01390576
v -1.50966228 -0.74571051 -0.01390576
v -1.52600365 -0.74614738 -0.03640576
v -2.19924117 -0.76414574 -0.04500000
v -2.22568206 -0.76485262 -0.03640576
v -2.24202343 -0.76528949 -0.01390576
v -2.24202343 -0.76528949 0.01390576
v -2.22568206 -0.76485262 0.03640576
v -1.54443174 -0.72440987 0.04500000
v -1.51799085 -0.72370300 0.03640576
v -1.50164948 -0.72326613 0.01390576
v -1.50164948 -0.72326613 -0.01390576
v -1.51799085 -0.72370300 -0.03640576
v -2.20844173 -0.74216155 -0.04500000
v -2.23488262 -0.74286842 -0.03640576
v -2.25122398 -0.74330529 -0.01390576
v -2.25122398 -0.74330529 0.01390576
v -2.23488262 -0.74286842 0.03640576
v -1.53789364 -0.70200492 0.04500000
v -1.51145275 -0.70129805 0.03640576
v -1.49511138 -0.70086118 0.01390576
v -1.49511138 -0.70086118 -0.01390576
v -1.51145275 -0.70129805 -0.03640576
v -2.21616758 -0.72013793 -0.04500000
v -2.24260847 -0.72084480 -0.03640576
v -2.25894984 -0.72128168 -0.01390576
v -2.25894984 -0.72128168 0.01390576
v -2.24260847 -0.72084480 0.03640576
v -1.53274929 -0.67963723 0.04500000
v -1.50630840 -0.67893036 0.03640576
v -1.48996703 -0.67849349 0.01390576
v -1.48996703 -0.67849349 -0.01390576
v -1.50630840 -0.67893036 -0.03640576
v -2.22249968 -0.69807705 -0.04500000
v -2.24894057 -0.69878393 -0.03640576
v -2.26528194 -0.69922080 -0.01390576
v -2.26528194 -0.69922080 0.01390576
v -2.24894057 -0.69878393 0.03640576
v -1.52893784 -0.65730517 0.04500000
v -1.50249695 -0.65659830 0.03640576
v -1.48615558 -0.65616143 0.01390576
v -1.48615558 -0.65616143 -0.01390576
v -1.50249695 -0.65659830 -0.03640576
v -2.22749889 -0.67598054 -0.04500000
v -2.25393978 -0.67668741 -0.03640576
v -2.27028115 -0.67712428 -0.01390576
v -2.27028115 -0.67712428 0.01390576
v -2.25393978 -0.67668741 0.03640576
v -1.52641496 -0.63500756 0.04500000
v -1.49997407 -0.63430069 0.03640576
v -1.48363270 -0.63386382 0.01390576
v -1.48363270 -0.63386382 -0.01390576
v -1.49997407 -0.63430069 -0.03640576
v -2.23120953 -0.65384958 -0.04500000
v -2.25765042 -0.65455645 -0.03640576
v -2.27399179 -0.65499332 -0.01390576
v -2.27399179 -0.65499332 0.01390576
v -2.25765042 -0.65455645 0.03640576
v -1.52515046 -0.61274360 0.04500000
v -1.49870957 -0.61203672 0.03640576
v -1.48236820 -0.61159985 0.01390576
v -1.48236820 -0.61159985 -0.01390576
v -1.49870957 -0.61203672 -0.03640576
v -2.23366179 -0.63168498 -0.04500000
v -2.26010268 -0.63239185 -0.03640576
v -2.27644405 -0.63282872 -0.01390576
v -2.27644405 -0.63282872 0.01390576
v -2.26010268 -0.63239185 0.03640576
v -1.52512679 -0.59051280 0.04500000
v -1.49868590 -0.58980593 0.03640576
v -1.48234454 -0.58936906 0.01390576
v -1.48234454 -0.58936906 -0.01390576
v -1.49868590 -0.58980593 -0.03640576
v -2.23487321 -0.60948720 -0.04500000
v -2.26131410 -0.61019407 -0.03640576
v -2.27765546 -0.61063094 -0.01390576
v -2.27765546 -0.61063094 0.01390576
v -2.26131410 -0.61019407 0.03640576
v -1.52537633 -0.56302712 0.03635623
v -1.49916582 -0.56249761 0.02712933
v -1.48338341 -0.56217877 0.00425533
v -1.48405743 -0.56219239 -0.02352870
v -1.50093043 -0.56253326 -0.04561018
v -2.23621663 -0.57738760 -0.03635623
v -2.26242713 -0.57791710 -0.02712933
v -2.27820955 -0.57823594 -0.00425533
v -2.27753553 -0.57822233 0.02352870
v -2.26066253 -0.57788146 0.04561018
v -1.52543784 -0.53785631 0.02771505
v -1.49947226 -0.53767015 0.01786181
v -1.48425711 -0.53756107 -0.00537221
v -1.48560405 -0.53757073 -0.03311240
v -1.50299860 -0.53769544 -0.05476295
v -2.23696997 -0.54295743 -0.02771505
v -2.26293555 -0.54314358 -0.01786181
v -2.27815071 -0.54325266 0.00537221
v -2.27680377 -0.54324301 0.03311240
v -2.25940921 -0.54311830 0.05476295
v -1.52538178 -0.51267056 0.01908156
v -1.49968051 -0.51281985 0.00860865
v -1.48504347 -0.51290487 -0.01497119
v -1.48706151 -0.51289315 -0.04265127
v -1.50496380 -0.51278916 -0.06385873
v -2.23706580 -0.50853665 -0.01908156
v -2.26276707 -0.50838736 -0.00860865
v -2.27740411 -0.50830234 0.01497119
v -2.27538607 -0.50831407 0.04265127
v -2.25748378 -0.50841805 0.06385873
v -1.52520866 -0.48747647 0.01046085
v -1.49979076 -0.48795345 -0.00062470
v -1.48574202 -0.48821708 -0.02453600
v -1.48842859 -0.48816666 -0.05213974
v -1.50682428 -0.48782146 -0.07289223
v -2.23650672 -0.47412870 -0.01046085
v -2.26192462 -0.47365172 0.00062470
v -2.27597336 -0.47338809 0.02453600
v -2.27328679 -0.47343851 0.05213974
v -2.25489110 -0.47378371 0.07289223
v -1.52491730 -0.46227331 0.00185798
v -1.49980146 -0.46306984 -0.00983283
v -1.48635055 -0.46349643 -0.03406104
v -1.48970236 -0.46339013 -0.06157229
v -1.50857661 -0.46279154 -0.08185823
v -2.23529364 -0.43974430 -0.00185798
v -2.26040948 -0.43894778 0.00983283
v -2.27386040 -0.43852119 0.03406104
v -2.27050859 -0.43862749 0.06157229
v -2.25163433 -0.43922607 0.08185823
v -1.52450675 -0.43704072 -0.00672203
v -1.49971125 -0.43814692 -0.01901036
v -1.48686699 -0.43871993 -0.04354076
v -1.49088004 -0.43854090 -0.07094345
v -1.51021756 -0.43767820 -0.09075153
v -2.23342986 -0.40541379 0.00672203
v -2.25822536 -0.40430760 0.01901036
v -2.27106962 -0.40373458 0.04354076
v -2.26705657 -0.40391362 0.07094345
v -2.24771905 -0.40477631 0.09075153
v -1.52397730 -0.41177232 -0.01527415
v -1.49951996 -0.41317757 -0.02815194
v -1.48729046 -0.41388024 -0.05296966
v -1.49196007 -0.41361194 -0.08024780
v -1.51174514 -0.41247514 -0.09956702
v -2.23092063 -0.37115326 0.01527415
v -2.25537798 -0.36974801 0.02815194
v -2.26760747 -0.36904533 0.05296966
v -2.26293787 -0.36931364 0.08024780
v -2.24315279 -0.37045043 0.09956702
v -1.52332838 -0.38647128 -0.02379342
v -1.49922661 -0.38816495 -0.03725225
v -1.48761931 -0.38898061 -0.06234228
v -1.49294007 -0.38860671 -0.08947996
v -1.51315656 -0.38718607 -0.10829963
v -2.22777000 -0.33696915 0.02379342
v -2.25187178 -0.33527548 0.03725225
v -2.26347908 -0.33445982 0.06234228
v -2.25815831 -0.33483372 0.08947996
v -2.23794183 -0.33625436 0.10829963
v -1.52255899 -0.36113466 -0.03227488
v -1.49882972 -0.36310563 -0.04630602
v -1.48785134 -0.36401750 -0.07165319
v -1.49381721 -0.36352197 -0.09863464
v -1.51444857 -0.36180832 -0.11694436
v -2.22398248 -0.30287392 0.03227488
v -2.24771174 -0.30090295 0.04630602
v -2.25869012 -0.29999108 0.07165319
v -2.25272425 -0.30048661 0.09863464
v -2.23209290 -0.30220027 0.11694436
v -1.52166783 -0.33575969 -0.04071363
v -1.49832755 -0.33799641 -0.05530802
v -1.48798411 -0.33898763 -0.08089704
v -1.49458835 -0.33835474 -0.10770657
v -1.51561768 -0.33633948 -0.12549628
v -2.21956286 -0.26887975 0.04071363
v -2.24290313 -0.26664303 0.05530802
v -2.25324657 -0.26565181 0.08089704
v -2.24664233 -0.26628470 0.10770657
v -2.22561301 -0.26829996 0.12549628
v -1.52065337 -0.31034380 -0.04910481
v -1.49771806 -0.31283431 -0.06425305
v -1.48801488 -0.31388796 -0.09006851
v -1.49525012 -0.31310230 -0.11669058
v -1.51666016 -0.31077742 -0.13395051
v -2.21451619 -0.23499849 0.04910481
v -2.23745150 -0.23250799 0.06425305
v -2.24715468 -0.23145434 0.09006851
v -2.23991944 -0.23224000 0.11669058
v -2.21850941 -0.23456487 0.13395051
v -1.51951382 -0.28488463 -0.05744357
v -1.49699896 -0.28761656 -0.07313597
v -1.48794065 -0.28871568 -0.09916235
v -1.49579886 -0.28776217 -0.12558153
v -1.51757202 -0.28512025 -0.14230228
v -2.20884774 -0.20124171 0.05744357
v -2.23136261 -0.19850979 0.07313597
v -2.24042091 -0.19741066 0.09916235
v -2.23256270 -0.19836417 0.12558153
v -2.21078954 -0.20100610 0.14230228
v -1.51824711 -0.25938001 -0.06572515
v -1.49616767 -0.26234062 -0.08195170
v -1.48775814 -0.26346825 -0.10817337
v -1.49623069 -0.26233217 -0.13437439
v -1.51834909 -0.25936633 -0.15054685
v -2.20256303 -0.16762069 0.06572515
v -2.22464247 -0.16466007 0.08195170
v -2.23305199 -0.16353245 0.10817337
v -2.22457945 -0.16466852 0.13437439
v -2.20246105 -0.16763436 0.15054685
v -1.51685095 -0.23382798 -0.07394480
v -1.49522137 -0.23700420 -0.09069520
v -1.48746383 -0.23814336 -0.11709644
v -1.49654146 -0.23681035 -0.14306416
v -1.51898691 -0.23351432 -0.15867958
v -2.19566772 -0.13414638 0.07394480
v -2.21729730 -0.13097016 0.09069520
v -2.22505483 -0.12983100 0.11709644
v -2.21597721 -0.13116402 0.14306416
v -2.19353176 -0.13446004 0.15867958
v -1.51532279 -0.20822680 -0.08209784
v -1.49415698 -0.21160522 -0.09936148
v -1.48705393 -0.21273899 -0.12592649
v -1.49672679 -0.21119504 -0.15164596
v -1.51948084 -0.20756311 -0.16669590
v -2.18816767 -0.10082950 0.08209784
v -2.20933349 -0.09745108 0.09936148
v -2.21643653 -0.09631732 0.12592649
v -2.20676367 -0.09786127 0.15164596
v -2.18400962 -0.10149319 0.16669590
v -1.51365984 -0.18257496 -0.09017964
v -1.49297114 -0.18614186 -0.10794563
v -1.48652440 -0.18725333 -0.13465854
v -1.49678205 -0.18548483 -0.16011493
v -1.51982601 -0.18151186 -0.17459135
v -2.18006892 -0.06768044 0.09017964
v -2.20075761 -0.06411354 0.10794563
v -2.20720435 -0.06300206 0.13465854
v -2.19694670 -0.06477057 0.16011493
v -2.17390274 -0.06874354 0.17459135
v -1.51185905 -0.15687114 -0.09818562
v -1.49166029 -0.16061253 -0.11644280
v -1.48587095 -0.16168488 -0.14328765
v -1.49670237 -0.15967859 -0.16846635
v -1.52001732 -0.15535999 -0.18236151
v -2.17137760 -0.03470934 0.09818562
v -2.19157636 -0.03096795 0.11644280
v -2.19736569 -0.02989560 0.14328765
v -2.18653427 -0.03190189 0.16846635
v -2.16321933 -0.03622049 0.18236151
v -1.50991715 -0.13111426 -0.10611127
v -1.49022056 -0.13501588 -0.12484817
v -1.48508904 -0.13603236 -0.15180897
v -1.49648267 -0.13377544 -0.17669555
v -1.52004947 -0.12910719 -0.19000208
v -2.16210000 -0.00192607 0.10611127
v -2.18179659 0.00197554 0.12484817
v -2.18692811 0.00299202 0.15180897
v -2.17553448 0.00073511 0.17669555
v -2.15196768 -0.00393314 0.19000208
v -1.50783064 -0.10530347 -0.11395211
v -1.48864787 -0.10935080 -0.13315705
v -1.48417389 -0.11029476 -0.16021775
v -1.49611762 -0.10777478 -0.18479794
v -1.51991694 -0.10275340 -0.19750884
v -2.15224250 0.03065974 0.11395211
v -2.17142526 0.03470707 0.13315705
v -2.17589924 0.03565103 0.16021775
v -2.16395552 0.03313105 0.18479794
v -2.14015619 0.02810967 0.19750884
v -1.50559574 -0.07943814 -0.12170377
v -1.48693789 -0.08361646 -0.14136475
v -1.48312048 -0.08447135 -0.16850927
v -1.49560164 -0.08167626 -0.19276904
v -1.51961400 -0.07629883 -0.20487766
v -2.14181157 0.06303873 0.12170377
v -2.16046942 0.06721705 0.14136475
v -2.16428683 0.06807193 0.16850927
v -2.15180566 0.06527685 0.19276904
v -2.12779331 0.05989942 0.20487766
v -1.50320849 -0.05351787 -0.12936190
v -1.48508603 -0.05781224 -0.14946672
v -1.48192354 -0.05856163 -0.17667895
v -1.49492897 -0.05547982 -0.20060445
v -1.51913470 -0.04974394 -0.21210450
v -2.13081375 0.09520174 0.12936190
v -2.14893621 0.09949610 0.14946672
v -2.15209870 0.10024550 0.17667895
v -2.13909327 0.09716368 0.20060445
v -2.11488754 0.09142781 0.21210450
v -1.50066464 -0.02754251 -0.13692225
v -1.48308748 -0.03193778 -0.15745843
v -1.48057756 -0.03256540 -0.18472225
v -1.49409358 -0.02918564 -0.20829986
v -1.51847289 -0.02308945 -0.21918542
v -2.11925566 0.12713986 0.13692225
v -2.13683282 0.13153513 0.15745843
v -2.13934274 0.13216275 0.18472225
v -2.12582671 0.12878299 0.20829986
v -2.10144741 0.12268680 0.21918542
v -1.49795974 -0.00151212 -0.14438062
v -1.48093716 -0.00599299 -0.16533546
v -1.47907679 -0.00648270 -0.19263473
v -1.49308923 -0.00279419 -0.21585106
v -1.51762220 0.00366366 -0.22611659
v -2.10714394 0.15884435 0.14438062
v -2.12416651 0.16332523 0.16533546
v -2.12602688 0.16381494 0.19263473
v -2.11201444 0.16012642 0.21585106
v -2.08748148 0.15366857 0.22611659
v -1.49508908 0.02457299 -0.15173291
v -1.47862977 0.02002198 -0.17309346
v -1.47741526 0.01968616 -0.20041206
v -1.49190944 0.02369382 -0.22325393
v -1.51657603 0.03051416 -0.23289425
v -2.09448528 0.19030669 0.15173291
v -2.11094459 0.19485771 0.17309346
v -2.11215910 0.19519352 0.20041206
v -2.09766492 0.19118586 0.22325393
v -2.07299832 0.18436552 0.23289425
v -1.49207271 0.05062610 -0.15897505
v -1.47618608 0.04601591 -0.18072817
v -1.47561310 0.04584964 -0.20804997
v -1.49057261 0.05019079 -0.23050446
v -1.51535061 0.05738119 -0.23951479
v -2.08126139 0.22160468 0.15897505
v -2.09714802 0.22621487 0.18072817
v -2.09772101 0.22638114 0.20804997
v -2.08276149 0.22203999 0.23050446
v -2.05798349 0.21484959 0.23951479
v -1.48888609 0.07666192 -0.16610309
v -1.47358071 0.07200499 -0.18823540
v -1.47364409 0.07202428 -0.21554431
v -1.48905203 0.07671241 -0.23759874
v -1.51391921 0.08427867 -0.24597465
v -2.06746499 0.25270449 0.16610309
v -2.08277037 0.25736141 0.18823540
v -2.08270699 0.25734213 0.21554431
v -2.06729906 0.25265400 0.23759874
v -2.04243188 0.24508773 0.24597465
v -1.48548302 0.10282714 -0.17311313
v -1.47076446 0.09814390 -0.19561107
v -1.47145833 0.09836468 -0.22289101
v -1.48729959 0.10340515 -0.24453296
v -1.51223741 0.11134003 -0.25227041
v -2.05315017 0.28345116 0.17311313
v -2.06786872 0.28813440 0.19561107
v -2.06717486 0.28791362 0.22289101
v -2.05133360 0.28287315 0.24453296
v -2.02639577 0.27493827 0.25227041
v -1.48187322 0.12910408 -0.18000138
v -1.46774667 0.12441377 -0.20285117
v -1.46906460 0.12485135 -0.23008612
v -1.48532362 0.13024968 -0.25130341
v -1.51031332 0.13854678 -0.25839876
v -2.03833259 0.31386012 0.18000138
v -2.05245913 0.31855043 0.20285117
v -2.05114120 0.31811285 0.23008612
v -2.03488219 0.31271452 0.25130341
v -2.00989249 0.30441742 0.25839876
v -1.47806954 0.15542935 -0.18676411
v -1.46454052 0.15074806 -0.20995178
v -1.46647541 0.15141757 -0.23712576
v -1.48313517 0.15718215 -0.25790651
v -1.50815632 0.16583992 -0.26435648
v -2.02300006 0.34398523 0.18676411
v -2.03652908 0.34866652 0.20995178
v -2.03459418 0.34799701 0.23712576
v -2.01793443 0.34223243 0.25790651
v -1.99291327 0.33357466 0.26435648
v -1.47406575 0.18180109 -0.19339767
v -1.46113913 0.17714498 -0.21690910
v -1.46368322 0.17806135 -0.24400619
v -1.48072627 0.18420017 -0.26433876
v -1.50575841 0.19321662 -0.27014048
v -2.00715918 0.37381865 0.19339767
v -2.02008580 0.37847476 0.21690910
v -2.01754171 0.37755839 0.24400619
v -2.00049866 0.37141957 0.26433876
v -1.97546653 0.36240312 0.27014048
v -1.46985538 0.20821715 -0.19989853
v -1.45753538 0.20360246 -0.22371941
v -1.46068021 0.20478042 -0.25072374
v -1.47808867 0.21130107 -0.27059681
v -1.50311130 0.22067375 -0.27574776
v -1.99081649 0.40335260 0.19989853
v -2.00313650 0.40796728 0.22371941
v -1.99999166 0.40678932 0.25072374
v -1.98258321 0.40026867 0.27059681
v -1.95756057 0.39089599 0.27574776
v -1.46543166 0.23467511 -0.20626322
v -1.45372182 0.23011815 -0.23037906
v -1.45745827 0.23157222 -0.25727488
v -1.47521383 0.23848190 -0.27667737
v -1.50020646 0.24820794 -0.28117546
v -1.97397848 0.43257931 0.20626322
v -1.98568832 0.43713626 0.23037906
v -1.98195186 0.43568220 0.25727488
v -1.96419631 0.42877251 0.27667737
v -1.93920368 0.41904647 0.28117546
v -1.46082437 0.26108118 -0.21248836
v -1.44972922 0.25659422 -0.23688456
v -1.45404685 0.25834030 -0.26365616
v -1.47212809 0.26565248 -0.28257733
v -1.49706650 0.27573774 -0.28642082
v -1.95661474 0.46158213 0.21248836
v -1.96770989 0.46606909 0.23688456
v -1.96339226 0.46432300 0.26365616
v -1.94531103 0.45701083 0.28257733
v -1.92037261 0.44692557 0.28642082
v -1.45601313 0.28741699 -0.21857069
v -1.44553666 0.28301244 -0.24323246
v -1.45042390 0.28506715 -0.26986426
v -1.46880807 0.29279629 -0.28829363
v -1.49366705 0.30324759 -0.29148120
v -1.93870428 0.49035173 0.21857069
v -1.94918075 0.49475628 0.24323246
v -1.94429351 0.49270157 0.26986426
v -1.92590934 0.48497244 0.28829363
v -1.90105036 0.47452113 0.29148120
v -1.45091102 0.31386327 -0.22450702
v -1.44105315 0.30956181 -0.24941946
v -1.44649908 0.31193813 -0.27589596
v -1.46516865 0.32008457 -0.29382339
v -1.48993072 0.33088946 -0.29635408
v -1.92032687 0.51869213 0.22450702
v -1.93018474 0.52299360 0.24941946
v -1.92473881 0.52061728 0.27589596
v -1.90606924 0.51247084 0.29382339
v -1.88130717 0.50166595 0.29635408
v -1.44552463 0.34043141 -0.23029426
v -1.43628441 0.33625366 -0.25544234
v -1.44227789 0.33896347 -0.28174817
v -1.46121578 0.34752579 -0.29916380
v -1.48586445 0.35867011 -0.30103707
v -1.90151717 0.54659773 0.23029426
v -1.91075740 0.55077548 0.25544234
v -1.90476391 0.54806566 0.28174817
v -1.88582602 0.53950334 0.29916380
v -1.86117736 0.52835903 0.30103707
v -1.43988528 0.36702314 -0.23592942
v -1.43126275 0.36298567 -0.26129800
v -1.43779113 0.36604256 -0.28741790
v -1.45697682 0.37502618 -0.30431221
v -1.48149151 0.38650508 -0.30552788
v -1.88224157 0.57415460 0.23592942
v -1.89086410 0.57819206 0.26129800
v -1.88433572 0.57513517 0.28741790
v -1.86515003 0.56615156 0.30431221
v -1.84063533 0.55467265 0.30552788
v -1.43398424 0.39363415 -0.24140962
v -1.42597872 0.38975359 -0.26698343
v -1.43302864 0.39317094 -0.29290228
v -1.45244115 0.40258090 -0.30926606
v -1.47680135 0.41438918 -0.30982436
v -1.86250604 0.60135437 0.24140962
v -1.87051155 0.60523494 0.26698343
v -1.86346164 0.60181759 0.29290228
v -1.84404912 0.59240763 0.30926606
v -1.81968892 0.58059935 0.30982436
v -1.42790653 0.42007246 -0.24673207
v -1.42051995 0.41635875 -0.27249574
v -1.42807386 0.42015658 -0.29819857
v -1.44768291 0.43001532 -0.31402293
v -1.47185711 0.44216926 -0.31392447
v -1.84222234 0.62837584 0.24673207
v -1.84960892 0.63208955 0.27249574
v -1.84205502 0.62829171 0.29819857
v -1.82244597 0.61843297 0.31402293
v -1.79827176 0.60627904 0.31392447
v -1.42151839 0.44647468 -0.25189407
v -1.41474882 0.44294447 -0.27783217
v -1.42279044 0.44713804 -0.30330413
v -1.44257164 0.45745358 -0.31858053
v -1.46653666 0.46995093 -0.31782631
v -1.82142486 0.65501897 0.25189407
v -1.82819444 0.65854918 0.27783217
v -1.82015281 0.65435561 0.30330413
v -1.80037162 0.64404006 0.31858053
v -1.77640660 0.63154272 0.31782631
v -1.41474292 0.47305444 -0.25689305
v -1.40858410 0.46973097 -0.28299005
v -1.41710085 0.47432685 -0.30821647
v -1.43704007 0.48508662 -0.32293669
v -1.46078564 0.49790042 -0.32152807
v -1.80026543 0.68109349 0.25689305
v -1.80642425 0.68441697 0.28299005
v -1.79790750 0.67982108 0.30821647
v -1.77796828 0.66906131 0.32293669
v -1.75422271 0.65624751 0.32152807
v -1.40765294 0.49965350 -0.26172653
v -1.40210063 0.49655438 -0.28796682
v -1.41107644 0.50156440 -0.31293319
v -1.43115194 0.51276990 -0.32708935
v -1.45465896 0.52589077 -0.32502812
v -1.77867884 0.70674833 0.26172653
v -1.78423115 0.70984746 0.28796682
v -1.77525533 0.70483744 0.31293319
v -1.75517983 0.69363194 0.32708935
v -1.73167282 0.68051107 0.32502812
v -1.40032336 0.52611473 -0.26639213
v -1.39537492 0.52325328 -0.29276005
v -1.40478855 0.52869675 -0.31745204
v -1.42496855 0.54036591 -0.33103661
v -1.44820685 0.55380354 -0.32832490
v -1.75658472 0.73212419 0.26639213
v -1.76153316 0.73498564 0.29276005
v -1.75211953 0.72954218 0.31745204
v -1.73193953 0.71787302 0.33103661
v -1.70870122 0.70443538 0.32832490
v -1.39269451 0.55244227 -0.27088758
v -1.38834565 0.54983357 -0.29736742
v -1.39817460 0.55572956 -0.32177088
v -1.41842701 0.56787817 -0.33477667
v -1.44136717 0.58163905 -0.33141702
v -1.73396360 0.75715592 0.27088758
v -1.73831245 0.75976462 0.29736742
v -1.72848351 0.75386863 0.32177088
v -1.70823109 0.74172002 0.33477667
v -1.68529094 0.72795914 0.33141702
v -1.38463081 0.57884937 -0.27521074
v -1.38087289 0.57651434 -0.30178673
v -1.39110088 0.58286962 -0.32588770
v -1.41140804 0.59548771 -0.33830788
v -1.43403773 0.60954892 -0.33430319
v -1.71095611 0.78161535 0.27521074
v -1.71471403 0.78395038 0.30178673
v -1.70448604 0.77759509 0.32588770
v -1.68417888 0.76497701 0.33830788
v -1.66154920 0.75091579 0.33430319
v -1.37616510 0.60530535 -0.27935955
v -1.37298934 0.60326332 -0.30601590
v -1.38359897 0.61008537 -0.32980060
v -1.40394148 0.62316572 -0.34162870
v -1.42624670 0.63750811 -0.33698226
v -1.68757830 0.80554582 0.27935955
v -1.69075406 0.80758785 0.30601590
v -1.68014443 0.80076579 0.32980060
v -1.65980192 0.78768545 0.34162870
v -1.63749670 0.77334306 0.33698226
v -1.36748233 0.63149000 -0.28333206
v -1.36488292 0.62975426 -0.31005297
v -1.37584175 0.63707197 -0.33350785
v -1.39617291 0.65064803 -0.34473774
v -1.41811061 0.66529685 -0.33945320
v -1.66363174 0.82924265 0.28333206
v -1.66623115 0.83097840 0.31005297
v -1.65527232 0.82366068 0.33350785
v -1.63494115 0.81008462 0.34473774
v -1.61300346 0.79543581 0.33945320
v -1.35834497 0.65758753 -0.28712647
v -1.35631149 0.65617703 -0.31389608
v -1.36759533 0.66400392 -0.33700779
v -1.38788645 0.67807860 -0.34763372
v -1.40943434 0.69302501 -0.34171513
v -1.63920079 0.85239956 0.28712647
v -1.64123428 0.85381006 0.31389608
v -1.62995044 0.84598317 0.33700779
v -1.60965932 0.83190849 0.34763372
v -1.58811143 0.81696207 0.34171513
v -1.34868003 0.68381399 -0.29074103
v -1.34719941 0.68274978 -0.31754352
v -1.35879409 0.69108355 -0.34029895
v -1.37903529 0.70563207 -0.35031552
v -1.40019158 0.72083831 -0.34376726
v -1.61449231 0.87486862 0.29074103
v -1.61597293 0.87593283 0.31754352
v -1.60437825 0.86759906 0.34029895
v -1.58413704 0.85305054 0.35031552
v -1.56298076 0.83784430 0.34376726
v -1.33876286 0.70973643 -0.29417416
v -1.33782442 0.70903457 -0.32099368
v -1.34968916 0.71790832 -0.34337993
v -1.36982515 0.73296821 -0.35278213
v -1.39054112 0.74846188 -0.34560896
v -1.58920929 0.89704768 0.29417416
v -1.59014773 0.89774955 0.32099368
v -1.57828299 0.88887580 0.34337993
v -1.55814701 0.87381590 0.35278213
v -1.53743104 0.85832223 0.34560896
v -1.32832499 0.73553141 -0.29742436
v -1.32791423 0.73521158 -0.32424509
v -1.34002074 0.74463816 -0.34624950
v -1.36002025 0.76021051 -0.35503267
v -1.38027361 0.77598052 -0.34723972
v -1.56345253 0.91861038 0.29742436
v -1.56386328 0.91893022 0.32424509
v -1.55175677 0.90950364 0.34624950
v -1.53175727 0.89393129 0.35503267
v -1.51150390 0.87816127 0.34723972
v -1.31737856 0.76130432 -0.30049025
v -1.31747961 0.76138620 -0.32729638
v -1.32980367 0.77137138 -0.34890655
v -1.34964336 0.78744587 -0.35706641
v -1.36942059 0.80346976 -0.34865916
v -1.53735807 0.93953587 0.30049025
v -1.53725701 0.93945399 0.32729638
v -1.52493295 0.92946881 0.34890655
v -1.50509327 0.91339432 0.35706641
v -1.48531603 0.89737043 0.34865916
v -1.30601063 0.78680488 -0.30337057
v -1.30660594 0.78730841 -0.33014634
v -1.31910404 0.79787949 -0.35135010
v -1.33873110 0.81448033 -0.35888273
v -1.35799023 0.83076998 -0.34986702
v -1.51072545 0.95995564 0.30337057
v -1.51013014 0.95945212 0.33014634
v -1.49763203 0.94888104 0.35135010
v -1.47800498 0.93228020 0.35888273
v -1.45874585 0.91599055 0.34986702
v -1.29406218 0.81218026 -0.30606416
v -1.29513242 0.81312556 -0.33279384
v -1.30777397 0.82429120 -0.35357928
v -1.32715816 0.84141228 -0.36048116
v -1.34588091 0.85794915 -0.35086318
v -1.48369439 0.97967286 0.30606416
v -1.48262414 0.97872756 0.33279384
v -1.46998260 0.96756193 0.35357928
v -1.45059840 0.95044084 0.36048116
v -1.43187565 0.93390397 0.35086318
v -1.28163500 0.83730922 -0.30857000
v -1.28315772 0.83871793 -0.33523790
v -1.29589590 0.85050238 -0.35559339
v -1.31498398 0.86816131 -0.36186135
v -1.33313098 0.88494962 -0.35164764
v -1.45618904 0.99879414 0.30857000
v -1.45466632 0.99738543 0.33523790
v -1.44192814 0.98560098 0.35559339
v -1.42284006 0.96794205 0.36186135
v -1.40469307 0.95115375 0.35164764
v -1.26858914 0.86218720 -0.31088715
v -1.27053978 0.86408098 -0.33747766
v -1.28333182 0.87650019 -0.35739182
v -1.30207915 0.89470110 -0.36302309
v -1.31962091 0.91173159 -0.35222053
v -1.42821954 1.01716498 0.31088715
v -1.42626891 1.01527120 0.33747766
v -1.41347687 1.00285199 0.35739182
v -1.39472954 0.98465108 0.36302309
v -1.37718777 0.96762059 0.35222053
v -1.25495836 0.88682378 -0.31301482
v -1.25730925 0.88922506 -0.33951239
v -1.27010689 0.90229697 -0.35897412
v -1.28846301 0.92104650 -0.36396631
v -1.30536620 0.93831195 -0.35258210
v -1.39983381 1.03480417 0.31301482
v -1.39748292 1.03240290 0.33951239
v -1.38468528 1.01933098 0.35897412
v -1.36632916 1.00058146 0.36396631
v -1.34942597 0.98331600 0.35258210
v -1.24068865 0.91109811 -0.31495232
v -1.24340725 0.91403138 -0.34134146
v -1.25615050 0.92778085 -0.36033997
v -1.27405091 0.94709470 -0.36469105
v -1.29027114 0.96459570 -0.35273275
v -1.37094611 1.05164086 0.31495232
v -1.36822751 1.04870760 0.34134146
v -1.35548426 1.03495813 0.36033997
v -1.33758385 1.01564428 0.36469105
v -1.32136362 0.99814328 0.35273275
v -1.22568465 0.93508678 -0.31669907
v -1.22873798 0.93857387 -0.34296440
v -1.24137845 0.95301002 -0.36148915
v -1.25877781 0.97288111 -0.36519749
v -1.27429011 0.99059707 -0.35267297
v -1.34168495 1.06756593 0.31669907
v -1.33863162 1.06407884 0.34296440
v -1.32599115 1.04964269 0.36148915
v -1.30859179 1.02977159 0.36519749
v -1.29307949 1.01205564 0.35267297
v -1.21003785 0.95862475 -0.31825461
v -1.21338129 0.96269432 -0.34438083
v -1.22583464 0.97785229 -0.36242160
v -1.24264116 0.99830884 -0.36548596
v -1.25738132 1.01625025 -0.35240342
v -1.31192132 1.08263523 0.31825461
v -1.30857788 1.07856567 0.34438083
v -1.29612453 1.06340770 0.36242160
v -1.27931801 1.04295115 0.36548596
v -1.26457785 1.02500973 0.35240342
v -1.19355909 0.98168622 -0.31961860
v -1.19714654 0.98636369 -0.34559052
v -1.20933937 1.00226124 -0.36313739
v -1.22548034 1.02330654 -0.36555688
v -1.23940415 1.04146101 -0.35192483
v -1.28171585 1.09662884 0.31961860
v -1.27812840 1.09195137 0.34559052
v -1.26593557 1.07605382 0.36313739
v -1.24979459 1.05500852 0.36555688
v -1.23587079 1.03685405 0.35192483
v -1.17619695 1.00430533 -0.32079080
v -1.17998094 1.00961286 -0.34659336
v -1.19184656 1.02625595 -0.36363670
v -1.20726155 1.04787749 -0.36541083
v -1.22033791 1.06621879 -0.35123811
v -1.25118778 1.10948977 0.32079080
v -1.24740379 1.10418224 0.34659336
v -1.23553817 1.08753915 0.36363670
v -1.22012318 1.06591761 0.36541083
v -1.20704682 1.04757631 0.35123811
v -1.15803119 1.02628664 -0.32177112
v -1.16194127 1.03225737 -0.34738935
v -1.17335414 1.04968497 -0.36391985
v -1.18791049 1.07191267 -0.36504852
v -1.20005028 1.09045027 -0.35034426
v -1.22019832 1.12121656 0.32177112
v -1.21628824 1.11524583 0.34738935
v -1.20487537 1.09781824 0.36391985
v -1.19031902 1.07559053 0.36504852
v -1.17817923 1.05705294 0.35034426
v -1.13886632 1.04753154 -0.32255955
v -1.14282701 1.05419396 -0.34797862
v -1.15366616 1.07242689 -0.36398729
v -1.16724359 1.09526598 -0.36447077
v -1.17837319 1.11398747 -0.34924440
v -1.18881701 1.13155540 0.32255955
v -1.18485633 1.12489299 0.34797862
v -1.17401717 1.10666006 0.36398729
v -1.16043974 1.08382097 0.36447077
v -1.14931015 1.06509948 0.34924440
v -1.11859956 1.06801590 -0.32315619
v -1.12253286 1.07539169 -0.34836144
v -1.13268623 1.09443147 -0.36383960
v -1.14518142 1.11786269 -0.36367855
v -1.15524570 1.13673541 -0.34793980
v -1.15719187 1.14038492 0.32315619
v -1.15325858 1.13300912 0.34836144
v -1.14310521 1.11396934 0.36383960
v -1.13061002 1.09053813 0.36367855
v -1.12054574 1.07166541 0.34793980
v -1.09719309 1.08757581 -0.32356130
v -1.10099938 1.09568873 -0.34853817
v -1.11031438 1.11554318 -0.36347748
v -1.12158007 1.13955544 -0.36267292
v -1.13049334 1.15855363 -0.34643181
v -1.12534570 1.14758169 0.32356130
v -1.12153940 1.13946877 0.34853817
v -1.11222441 1.11961432 0.36347748
v -1.10095872 1.09560207 0.36267292
v -1.09204545 1.07660388 0.34643181
v -1.07454188 1.10604674 -0.32377520
v -1.07810382 1.11491591 -0.34850931
v -1.08640363 1.13558222 -0.36290175
v -1.09627105 1.16015186 -0.36145510
v -1.10393706 1.17924006 -0.34472193
v -1.09338317 1.15296112 0.32377520
v -1.08982122 1.14409196 0.34850931
v -1.08152142 1.12342564 0.36290175
v -1.07165400 1.09885600 0.36145510
v -1.06398799 1.07976780 0.34472193
v -1.05052957 1.12323225 -0.32379835
v -1.05371174 1.13286785 -0.34827549
v -1.06079792 1.15432478 -0.36211338
v -1.06908143 1.17940723 -0.36002643
v -1.07539826 1.19853455 -0.34281177
v -1.06145807 1.15632372 0.32379835
v -1.05827590 1.14668812 0.34827549
v -1.05118972 1.12523119 0.36211338
v -1.04290621 1.10014874 0.36002643
v -1.03658938 1.08102142 0.34281177
v -1.02504280 1.13889262 -0.32363133
v -1.02769124 1.14929103 -0.34783745
v -1.03334557 1.17149134 -0.36111345
v -1.03984603 1.19701379 -0.35838835
v -1.04470968 1.21610966 -0.34070304
v -1.02977421 1.15746932 0.32363133
v -1.02712578 1.14707091 0.34783745
v -1.02147145 1.12487060 0.36111345
v -1.01497098 1.09934816 0.35838835
v -1.01010734 1.08025229 0.34070304
v -0.99798405 1.15273846 -0.32327481
v -0.99992773 1.16387626 -0.34719604
v -1.00391742 1.18673815 -0.35990314
v -1.00842919 1.21259166 -0.35654244
v -1.01173969 1.23156162 -0.33839760
v -0.99859036 1.15621281 0.32327481
v -0.99664668 1.14507501 0.34719604
v -0.99265699 1.12221312 0.35990314
v -0.98814522 1.09635961 0.35654244
v -0.98483472 1.07738965 0.33839760
v -0.96927761 1.16442919 -0.32272958
v -0.97030596 1.17625896 -0.34635225
v -0.97234039 1.19966234 -0.35848381
v -0.97460383 1.22570003 -0.35449040
v -0.97623170 1.24442652 -0.33589738
v -0.96823230 1.15240434 0.32272958
v -0.96720395 1.14057457 0.34635225
v -0.96516951 1.11717119 0.35848381
v -0.96290608 1.09113350 0.35449040
v -0.96127820 1.07240701 0.33589738
v -0.93889324 1.17343632 -0.32199655
v -0.93880804 1.18587084 -0.34530718
v -0.93864525 1.20963190 -0.35685688
v -0.93846703 1.23564358 -0.35223405
v -0.93834147 1.25397031 -0.33320446
v -0.93908242 1.14582463 0.32199655
v -0.93916761 1.13339012 0.34530718
v -0.93933041 1.10962906 0.35685688
v -0.93950862 1.08361737 0.35223405
v -0.93963419 1.06529064 0.33320446
v -0.90699270 1.17943631 -0.32107672
v -0.90563545 1.19235228 -0.34406203
v -0.90312548 1.21623797 -0.35502392
v -0.90042150 1.24196985 -0.34977532
v -0.89855634 1.25971922 -0.33032101
v -0.91149598 1.13658176 0.32107672
v -0.91285323 1.12366578 0.34406203
v -0.91536321 1.09978009 0.35502392
v -0.91806719 1.07404821 0.34977532
v -0.91993234 1.05629884 0.33032101
v -0.87375540 1.18202579 -0.31997122
v -0.87095238 1.19526318 -0.34261815
v -0.86592712 1.21899523 -0.35298663
v -0.86059910 1.24415710 -0.34711626
v -0.85700344 1.26113782 -0.32724931
v -0.88587318 1.12479891 0.31997122
v -0.88867620 1.11156152 0.34261815
v -0.89370145 1.08782947 0.35298663
v -0.89902948 1.06266760 0.34711626
v -0.90262514 1.04568689 0.32724931
v -0.83955666 1.18076124 -0.31868128
v -0.83517769 1.19412820 -0.34097697
v -0.82755518 1.21739615 -0.35074681
v -0.81960069 1.24167750 -0.34425903
v -0.81435255 1.25769762 -0.32399176
v -0.86253786 1.11061039 0.31868128
v -0.86691684 1.09724342 0.34097697
v -0.87453935 1.07397547 0.35074681
v -0.88249384 1.04969412 0.34425903
v -0.88774198 1.03367400 0.32399176
v -0.80501918 1.17550047 -0.31720821
v -0.79903307 1.18880804 -0.33914006
v -0.78890179 1.21133062 -0.34830637
v -0.77849515 1.23446536 -0.34120592
v -0.77178812 1.24937557 -0.32055084
v -0.84155135 1.09428677 0.31720821
v -0.84753746 1.08097920 0.33914006
v -0.85766874 1.05845662 0.34830637
v -0.86807539 1.03532188 0.34120592
v -0.87478241 1.02041167 0.32055084
v -0.77069615 1.16636530 -0.31555347
v -0.76312745 1.17944136 -0.33710908
v -0.75065711 1.20098572 -0.34566735
v -0.73804838 1.22276917 -0.33795930
v -0.73011737 1.23647118 -0.31692916
v -0.82288835 1.07619551 0.31555347
v -0.83045705 1.06311945 0.33710908
v -0.84292739 1.04157509 0.34566735
v -0.85553612 1.01979164 0.33795930
v -0.86346713 1.00608963 0.31692916
v -0.73706130 1.15353024 -0.31371860
v -0.72796328 1.16622159 -0.33488582
v -0.71335391 1.18660103 -0.34283190
v -0.69881348 1.20688432 -0.33452169
v -0.68989593 1.21932393 -0.31312943
v -0.80651679 1.05664278 0.31371860
v -0.81561481 1.04395143 0.33488582
v -0.83022417 1.02357198 0.34283190
v -0.84476461 1.00328869 0.33452169
v -0.85368216 0.99084908 0.31312943
v -0.70455776 1.13732985 -0.31170523
v -0.69401876 1.14951767 -0.33247217
v -0.67750841 1.16861105 -0.33980227
v -0.66133311 1.18731697 -0.33089569
v -0.65167127 1.19849040 -0.30915443
v -0.79228382 1.03587909 0.31170523
v -0.80282282 1.02369127 0.33247217
v -0.81933317 1.00459789 0.33980227
v -0.83550847 0.98589197 0.33089569
v -0.84517031 0.97471853 0.30915443
v -0.67357484 1.11824961 -0.30951512
v -0.66171760 1.12986611 -0.32987013
v -0.64357849 1.14763694 -0.33658084
v -0.62608604 1.16477425 -0.32708400
v -0.61592176 1.17473217 -0.30500708
v -0.77993981 1.01404413 0.30951512
v -0.79179704 1.00242763 0.32987013
v -0.80993615 0.98465680 0.33658084
v -0.82742861 0.96751949 0.32708400
v -0.83759289 0.95756157 0.30500708
v -0.64422533 1.09677871 -0.30715011
v -0.63117033 1.10778522 -0.32708180
v -0.61165160 1.12424123 -0.33317009
v -0.59312462 1.13986110 -0.32308945
v -0.58266607 1.14867857 -0.30069036
v -0.76926910 0.99135583 0.30715011
v -0.78232410 0.98034932 0.32708180
v -0.80184283 0.96389332 0.33317009
v -0.82036981 0.94827345 0.32308945
v -0.83082836 0.93945597 0.30069036
v -0.61660094 1.07330125 -0.30461215
v -0.60246130 1.08368211 -0.32410940
v -0.58178422 1.09886256 -0.32957259
v -0.56246763 1.11304418 -0.31891496
v -0.55188980 1.12081007 -0.29620736
v -0.76013455 0.96792350 0.30461215
v -0.77427418 0.95754264 0.32410940
v -0.79495127 0.94236219 0.32957259
v -0.81426786 0.92818057 0.31891496
v -0.82484568 0.92041467 0.29620736
v -0.59072303 1.04832314 -0.30190327
v -0.57561496 1.05810013 -0.32095524
v -0.55399071 1.07209398 -0.32579103
v -0.53411001 1.08495952 -0.31456353
v -0.52356662 1.09178254 -0.29156127
v -0.75226885 0.94378083 0.30190327
v -0.76737692 0.93400384 0.32095524
v -0.78900117 0.92000999 0.32579103
v -0.80888186 0.90714445 0.31456353
v -0.81942526 0.90032143 0.29156127
v -0.56646479 1.02213831 -0.29902562
v -0.55048423 1.03133690 -0.31762174
v -0.52808244 1.04423162 -0.32182820
v -0.50781616 1.05589712 -0.31003830
v -0.49742640 1.06187757 -0.28675536
v -0.74554022 0.91906053 0.29902562
v -0.76152078 0.90986194 0.31762174
v -0.78392257 0.89696722 0.32182820
v -0.80418885 0.88530173 0.31003830
v -0.81457861 0.87932127 0.28675536
v -0.54358329 0.99472666 -0.29598143
v -0.52678884 1.00333168 -0.31411141
v -0.50371775 1.01515269 -0.31768701
v -0.48318239 1.02567445 -0.30534246
v -0.47302658 1.03087801 -0.28179297
v -0.73996460 0.89410619 0.29598143
v -0.75675905 0.88550117 0.31411141
v -0.77983014 0.87368017 0.31768701
v -0.80036549 0.86315840 0.30534246
v -0.81052131 0.85795484 0.28179297
v -0.52209718 0.96612560 -0.29277302
v -0.50453795 0.97411309 -0.31042687
v -0.48088688 0.98487169 -0.31337042
v -0.46017788 0.99429197 -0.30047933
v -0.45032107 0.99877572 -0.27667756
v -0.73556890 0.86901977 0.29277302
v -0.75312813 0.86103228 0.31042687
v -0.77677919 0.85027369 0.31337042
v -0.79748820 0.84085340 0.30047933
v -0.80734501 0.83636965 0.27667756
v -0.50214900 0.93694163 -0.28940280
v -0.48390250 0.94436448 -0.30657083
v -0.45979352 0.95417223 -0.30888153
v -0.43903087 0.96261867 -0.29545230
v -0.42954517 0.96647754 -0.27141264
v -0.73205394 0.84341419 0.28940280
v -0.75030044 0.83599135 0.30657083
v -0.77440942 0.82618360 0.30888153
v -0.79517207 0.81773716 0.29545230
v -0.80465777 0.81387829 0.27141264
v -0.48352142 0.90739757 -0.28587329
v -0.46465421 0.91431210 -0.30254609
v -0.44018876 0.92327830 -0.30422352
v -0.41947004 0.93087138 -0.29026485
v -0.41041189 0.93419104 -0.26600183
v -0.72923309 0.81734819 0.28587329
v -0.74810030 0.81043366 0.30254609
v -0.77256575 0.80146747 0.30422352
v -0.79328447 0.79387439 0.29026485
v -0.80234261 0.79055473 0.26600183
v -0.46608058 0.87747465 -0.28218707
v -0.44664250 0.88391643 -0.29835556
v -0.42189564 0.89211754 -0.29939966
v -0.40129245 0.89894544 -0.28492057
v -0.39270266 0.90179209 -0.26044879
v -0.72710869 0.79096996 0.28218707
v -0.74654677 0.78452818 0.29835556
v -0.77129364 0.77632707 0.29939966
v -0.79189682 0.76949918 0.28492057
v -0.80048662 0.76665252 0.26044879
v -0.44972594 0.84739822 -0.27834681
v -0.42976584 0.85341905 -0.29400221
v -0.40480784 0.86094745 -0.29441331
v -0.38438505 0.86710784 -0.27942309
v -0.37629829 0.86954715 -0.25475730
v -0.72553252 0.76420313 0.27834681
v -0.74549262 0.75818231 0.29400221
v -0.77045062 0.75065391 0.29441331
v -0.79087340 0.74449352 0.27942309
v -0.79896017 0.74205420 0.25475730
v -0.43431806 0.81717333 -0.27435529
v -0.41387512 0.82281185 -0.28948913
v -0.38876119 0.82973871 -0.28926793
v -0.36856893 0.83530808 -0.27377617
v -0.36101111 0.83739266 -0.24893117
v -0.72444752 0.73715059 0.27435529
v -0.74489046 0.73151207 0.28948913
v -0.77000439 0.72458521 0.28926793
v -0.79019665 0.71901584 0.27377617
v -0.79775448 0.71693126 0.24893117
v -0.41975696 0.78680226 -0.27021533
v -0.39886394 0.79208751 -0.28481948
v -0.37363918 0.79846855 -0.28396704
v -0.35371766 0.80350805 -0.26798361
v -0.34670875 0.80528107 -0.24297432
v -0.72380689 0.70988753 0.27021533
v -0.74469991 0.70460227 0.28481948
v -0.76992467 0.69822123 0.28396704
v -0.78984619 0.69318174 0.26798361
v -0.79685510 0.69140871 0.24297432
v -0.40597298 0.75632435 -0.26592987
v -0.38465943 0.76128315 -0.27999650
v -0.35936333 0.76716853 -0.27851426
v -0.33974694 0.77173247 -0.26204931
v -0.33330304 0.77323171 -0.23689070
v -0.72355854 0.68243503 0.26592987
v -0.74487209 0.67747623 0.27999650
v -0.77016819 0.67159085 0.27851426
v -0.78978458 0.66702691 0.26204931
v -0.79622848 0.66552767 0.23689070
v -0.39290969 0.72581743 -0.26150190
v -0.37120384 0.73048047 -0.27502353
v -0.34587292 0.73592229 -0.27291329
v -0.32659248 0.74006429 -0.25597723
v -0.32072698 0.74132437 -0.23068435
v -0.72364108 0.65476671 0.26150190
v -0.74534692 0.65010367 0.27502353
v -0.77067784 0.64466185 0.27291329
v -0.78995828 0.64051985 0.25597723
v -0.79582379 0.63925977 0.23068435
v -0.38049558 0.69531297 -0.25693450
v -0.35842333 0.69970910 -0.26990396
v -0.33309009 0.70475473 -0.26716791
v -0.31417230 0.70852260 -0.24977143
v -0.30889591 0.70957350 -0.22435937
v -0.72399784 0.62689750 0.25693450
v -0.74607009 0.62250137 0.26990396
v -0.77140333 0.61745573 0.26716791
v -0.79032113 0.61368787 0.24977143
v -0.79559752 0.61263697 0.22435937
v -0.36867131 0.66480060 -0.25223081
v -0.34625584 0.66895275 -0.26464129
v -0.32094866 0.67364055 -0.26128197
v -0.30241625 0.67707341 -0.24343599
v -0.29773737 0.67794011 -0.21791990
v -0.72459394 0.59887096 0.25223081
v -0.74700941 0.59471881 0.26464129
v -0.77231658 0.59003102 0.26128197
v -0.79084899 0.58659815 0.24343599
v -0.79552787 0.58573145 0.21791990
v -0.35739050 0.63429863 -0.24739405
v -0.33465366 0.63822830 -0.25923908
v -0.30939855 0.64259322 -0.25525939
v -0.29127177 0.64572612 -0.23697510
v -0.28719713 0.64643035 -0.21137017
v -0.72539038 0.57069615 0.24739405
v -0.74812722 0.56676648 0.25923908
v -0.77338232 0.56240157 0.25525939
v -0.79150910 0.55926866 0.23697510
v -0.79558375 0.55856443 0.21137017
v -0.34661157 0.60382234 -0.24242752
v -0.32357411 0.60754980 -0.25370095
v -0.29839513 0.61162376 -0.24910417
v -0.28069215 0.61448811 -0.23039299
v -0.27722709 0.61504875 -0.20471444
v -0.72635121 0.54238042 0.24242752
v -0.74938866 0.53865296 0.25370095
v -0.77456764 0.53457900 0.24910417
v -0.79227062 0.53171465 0.23039299
v -0.79573568 0.53115400 0.20471444
v -0.33629706 0.57338474 -0.23733457
v -0.31297886 0.57692917 -0.24803061
v -0.28789845 0.58074145 -0.24282036
v -0.27063571 0.58336543 -0.22369395
v -0.26778441 0.58379883 -0.19795703
v -0.72744310 0.51392956 0.23733457
v -0.75076130 0.51038513 0.24803061
v -0.77584171 0.50657285 0.24282036
v -0.79310445 0.50394887 0.22369395
v -0.79595575 0.50351546 0.19795703
v -0.32641311 0.54299721 -0.23211863
v -0.30283330 0.54637683 -0.24223184
v -0.27787257 0.54995438 -0.23641210
v -0.26106507 0.55236335 -0.21688235
v -0.25883069 0.55268360 -0.19110230
v -0.72863500 0.48534792 0.23211863
v -0.75221481 0.48196829 0.24223184
v -0.77717554 0.47839074 0.23641210
v -0.79398304 0.47598177 0.21688235
v -0.79621742 0.47566152 0.19110230
v -0.31692891 0.51266994 -0.22678316
v -0.29310607 0.51590221 -0.23630846
v -0.26828500 0.51926993 -0.22988357
v -0.25194650 0.52148673 -0.20996260
v -0.25033132 0.52170588 -0.18415467
v -0.72989781 0.45663848 0.22678316
v -0.75372065 0.45340621 0.23630846
v -0.77854172 0.45003850 0.22988357
v -0.79488022 0.44782170 0.20996260
v -0.79649540 0.44760255 0.18415467
v -0.30781626 0.48241239 -0.22133173
v -0.28376851 0.48551412 -0.23026437
v -0.25910614 0.48869512 -0.22323903
v -0.24324932 0.49074037 -0.20293915
v -0.24225483 0.49086864 -0.17711859
v -0.73120406 0.42780298 0.22133173
v -0.75525180 0.42470125 0.23026437
v -0.77991418 0.42152024 0.22323903
v -0.79577099 0.41947500 0.20293915
v -0.79676548 0.41934673 0.17711859
v -0.29904918 0.45223353 -0.21576792
v -0.27479427 0.45522101 -0.22410354
v -0.25030882 0.45823688 -0.21648278
v -0.23494546 0.46012919 -0.19581651
v -0.23457245 0.46017514 -0.16999855
v -0.73252761 0.39884194 0.21576792
v -0.75678253 0.39585446 0.22410354
v -0.78126797 0.39283858 0.21648278
v -0.79663134 0.39094627 0.19581651
v -0.79700434 0.39090033 0.16999855
v -0.29060253 0.42213365 -0.21009541
v -0.26615779 0.42502187 -0.21782998
v -0.24186672 0.42789194 -0.20961918
v -0.22700768 0.42964758 -0.18859926
v -0.22725632 0.42961820 -0.16279910
v -0.73384449 0.36976324 0.21009541
v -0.75828922 0.36687502 0.21782998
v -0.78258029 0.36400495 0.20961918
v -0.79743934 0.36224931 0.18859926
v -0.79719070 0.36227869 0.16279910
v -0.28245744 0.39213344 -0.20431789
v -0.25784017 0.39493850 -0.21144776
v -0.23376048 0.39768230 -0.20265264
v -0.21941602 0.39931680 -0.18129197
v -0.22028586 0.39921769 -0.15552480
v -0.73513130 0.34055277 0.20431789
v -0.75974857 0.33774771 0.21144776
v -0.78382825 0.33500391 0.20265264
v -0.79817272 0.33336941 0.18129197
v -0.79730288 0.33346852 0.15552480
v -0.27459026 0.36225221 -0.19843913
v -0.24981768 0.36499111 -0.20496100
v -0.22596599 0.36762819 -0.19558763
v -0.21214574 0.36915617 -0.17389931
v -0.21363578 0.36899143 -0.14818025
v -0.73636018 0.31119825 0.19843913
v -0.76113276 0.30845936 0.20496100
v -0.78498445 0.30582228 0.19558763
v -0.79880470 0.30429430 0.17389931
v -0.79731466 0.30445904 0.14818025
v -0.26697905 0.33248802 -0.19246294
v -0.24206811 0.33517647 -0.19837389
v -0.21846044 0.33772427 -0.18842864
v -0.20517334 0.33915824 -0.16642594
v -0.20728206 0.33893066 -0.14077008
v -0.73750915 0.28170723 0.19246294
v -0.76242009 0.27901878 0.19837389
v -0.78602776 0.27647098 0.18842864
v -0.79931486 0.27503701 0.16642594
v -0.79720614 0.27526459 0.14077008
v -0.25960398 0.30285144 -0.18639318
v -0.23457158 0.30550532 -0.19169063
v -0.21122354 0.30798062 -0.18118023
v -0.19847800 0.30933187 -0.15887659
v -0.20120334 0.30904294 -0.13329894
v -0.73855497 0.25207423 0.18639318
v -0.76358737 0.24942036 0.19169063
v -0.78693541 0.24694505 0.18118023
v -0.79968095 0.24559380 0.15887659
v -0.79695561 0.24588274 0.13329894
v -0.25244574 0.27335418 -0.18023375
v -0.22730875 0.27598964 -0.18491551
v -0.20423563 0.27840871 -0.17384699
v -0.19203952 0.27968739 -0.15125600
v -0.19537894 0.27933728 -0.12577152
v -0.73947421 0.22229233 0.18023375
v -0.76461120 0.21965688 0.18491551
v -0.78768433 0.21723781 0.17384699
v -0.79988043 0.21595912 0.15125600
v -0.79654102 0.21630924 0.12577152
v -0.24548533 0.24400931 -0.17398858
v -0.22026063 0.24664295 -0.17805281
v -0.19747744 0.24902167 -0.16643354
v -0.18583816 0.25023690 -0.14356894
v -0.18978860 0.24982444 -0.11819250
v -0.74024301 0.19235308 0.17398858
v -0.76546771 0.18971944 0.17805281
v -0.78825090 0.18734072 0.16643354
v -0.79989018 0.18612549 0.14356894
v -0.79593974 0.18653795 0.11819250
v -0.23870384 0.21483154 -0.16766165
v -0.21340838 0.21748057 -0.17110689
v -0.19092988 0.21983460 -0.15894454
v -0.17985436 0.22099447 -0.13582022
v -0.18441229 0.22051715 -0.11056661
v -0.74083671 0.16224633 0.16766165
v -0.76613216 0.15959729 0.17110689
v -0.78861066 0.15724326 0.15894454
v -0.79968618 0.15608339 0.13582022
v -0.79512826 0.15656071 0.11056661
v -0.23208225 0.18583761 -0.16125698
v -0.20673312 0.18852004 -0.16408213
v -0.18457388 0.19086491 -0.15138469
v -0.17406861 0.19197657 -0.12801465
v -0.17922997 0.19143040 -0.10289857
v -0.74122955 0.13196002 0.16125698
v -0.76657868 0.12927759 0.16408213
v -0.78873791 0.12693272 0.15138469
v -0.79924319 0.12582106 0.12801465
v -0.79408183 0.12636723 0.10289857
v -0.22560132 0.15704667 -0.15477863
v -0.20021577 0.15978147 -0.15698295
v -0.17839022 0.16213275 -0.14375870
v -0.16846127 0.16320240 -0.12015709
v -0.17422146 0.16258185 -0.09519313
v -0.74139422 0.10148000 0.15477863
v -0.76677977 0.09874520 0.15698295
v -0.78860533 0.09639392 0.14375870
v -0.79853427 0.09532426 0.12015709
v -0.79277409 0.09594481 0.09519313
v -0.21924137 0.12848072 -0.14823065
v -0.19383691 0.13128808 -0.14981380
v -0.17235936 0.13366149 -0.13607133
v -0.16301240 0.13469439 -0.11225240
v -0.16936626 0.13399224 -0.08745503
v -0.74130142 0.07078970 0.14823065
v -0.76670588 0.06798234 0.14981380
v -0.78818343 0.06560893 0.13607133
v -0.79753039 0.06457603 0.11225240
v -0.79117653 0.06527818 0.08745503
v -0.21298217 0.10016520 -0.14161718
v -0.18757666 0.10306674 -0.14257914
v -0.16646139 0.10547830 -0.12832732
v -0.15770168 0.10647875 -0.10430544
v -0.16464345 0.10568593 -0.07968902
v -0.74091928 0.03986984 0.14161718
v -0.76632479 0.03696829 0.14257914
v -0.78744006 0.03455673 0.12832732
v -0.79619977 0.03355629 0.10430544
v -0.78925800 0.03434911 0.07968902
v -0.20680284 0.07212962 -0.13494232
v -0.18141458 0.07514872 -0.13528348
v -0.16067591 0.07761491 -0.12053149
v -0.15250832 0.07858618 -0.09632110
v -0.16003154 0.07769154 -0.07189988
v -0.74021267 0.00869800 0.13494232
v -0.76560094 0.00567889 0.13528348
v -0.78633960 0.00321271 0.12053149
v -0.79450720 0.00224144 0.09632110
v -0.78698398 0.00313608 0.07189988
v -0.20068180 0.04440840 -0.12821026
v -0.17532966 0.04757049 -0.12793134
v -0.15498203 0.05010837 -0.11268861
v -0.14741102 0.05105268 -0.08830429
v -0.15550848 0.05004271 -0.06409234
v -0.73914241 -0.02275185 0.12821026
v -0.76449455 -0.02591393 0.12793134
v -0.78484218 -0.02845182 0.11268861
v -0.79241319 -0.02939613 0.08830429
v -0.78431572 -0.02838616 0.06409234
v -0.19459670 0.01704182 -0.12142515
v -0.16930034 0.02037473 -0.12052726
v -0.14935840 0.02300218 -0.10480353
v -0.14238803 0.02392056 -0.08025988
v -0.15105166 0.02277908 -0.05627116
v -0.73766422 -0.05450988 0.12142515
v -0.76296058 -0.05784280 0.12052726
v -0.78290251 -0.06047024 0.10480353
v -0.78987289 -0.06138862 0.08025988
v -0.78120926 -0.06024715 0.05627116
v -0.18852459 -0.00992284 -0.11459120
v -0.16330467 -0.00638837 -0.11307581
v -0.14378342 -0.00365255 -0.09688106
v -0.13741731 -0.00276037 -0.07219280
v -0.14663797 -0.00405261 -0.04844110
v -0.73572746 -0.08661107 0.11459120
v -0.76094739 -0.09014553 0.11307581
v -0.78046863 -0.09288136 0.09688106
v -0.78683474 -0.09377354 0.07219280
v -0.77761408 -0.09248130 0.04844110
v -0.18244209 -0.03642982 -0.10771262
v -0.15732054 -0.03265970 -0.10558155
v -0.13823551 -0.02979551 -0.08892604
v -0.13247685 -0.02893128 -0.06410792
v -0.14224416 -0.03039711 -0.04060689
v -0.73327353 -0.11909592 0.10771262
v -0.75839509 -0.12286604 0.10558155
v -0.77748011 -0.12573023 0.08892604
v -0.78323878 -0.12659446 0.06410792
v -0.77347147 -0.12512863 0.04060689
v -0.17633692 -0.06234459 -0.10079362
v -0.15133837 -0.05829456 -0.09804906
v -0.13270657 -0.05527601 -0.08094330
v -0.12755823 -0.05444192 -0.05601016
v -0.13785984 -0.05611089 -0.03277325
v -0.73022269 -0.15207995 0.10079362
v -0.75522124 -0.15612998 0.09804906
v -0.77385304 -0.15914853 0.08094330
v -0.77900138 -0.15998262 0.05601016
v -0.76869977 -0.15831365 0.03277325
v -0.17017442 -0.08758808 -0.09383845
v -0.14532593 -0.08320957 -0.09048295
v -0.12716546 -0.08000955 -0.07293770
v -0.12262971 -0.07921031 -0.04790439
v -0.13345117 -0.08111714 -0.02494490
v -0.72647652 -0.18561317 0.09383845
v -0.75132502 -0.18999168 0.09048295
v -0.76948548 -0.19319171 0.07293770
v -0.77402124 -0.19399094 0.04790439
v -0.76319978 -0.19208411 0.02494490
v -0.16392301 -0.11214574 -0.08685134
v -0.13925348 -0.10739186 -0.08288781
v -0.12158303 -0.10398673 -0.06491407
v -0.11766118 -0.10323098 -0.03979550
v -0.12898593 -0.10541329 -0.01712653
v -0.72194974 -0.21967872 0.08685134
v -0.74661928 -0.22443259 0.08288781
v -0.76428973 -0.22783773 0.06491407
v -0.76821158 -0.22859348 0.03979550
v -0.75688683 -0.22641117 0.01712653
v -0.15760260 -0.13574460 -0.07983655
v -0.13314781 -0.13054789 -0.07526823
v -0.11599001 -0.12690181 -0.05687726
v -0.11268289 -0.12619904 -0.03168835
v -0.12448967 -0.12870801 -0.00932282
v -0.71649190 -0.25451007 0.07983655
v -0.74094668 -0.25970678 0.07526823
v -0.75810448 -0.26335286 0.05687726
v -0.76141160 -0.26405563 0.03168835
v -0.74960482 -0.26154666 0.00932282
v -0.15119641 -0.15817874 -0.07279831
v -0.12699949 -0.15245901 -0.06762883
v -0.11038082 -0.14853065 -0.04883208
v -0.10768818 -0.14789416 -0.02358778
v -0.11995005 -0.15079265 -0.00153841
v -0.70989845 -0.29024610 0.07279831
v -0.73409537 -0.29596583 0.06762883
v -0.75071404 -0.29989419 0.04883208
v -0.75340668 -0.30053069 0.02358778
v -0.74114481 -0.29763219 0.00153841
v -0.14473451 -0.17920994 -0.06574088
v -0.12084872 -0.17287251 -0.05997419
v -0.10480093 -0.16861468 -0.04078336
v -0.10272086 -0.16806279 -0.01549864
v -0.11540301 -0.17142764 0.00622207
v -0.70193874 -0.32704843 0.06574088
v -0.72582453 -0.33338585 0.05997419
v -0.74187232 -0.33764368 0.04078336
v -0.74395240 -0.33819557 0.01549864
v -0.73127025 -0.33483072 -0.00622207
v -0.13825970 -0.19850803 -0.05866851
v -0.11475340 -0.19143854 -0.05230892
v -0.09931610 -0.18679580 -0.03273591
v -0.09784431 -0.18635316 -0.00742572
v -0.11090021 -0.19027970 0.01395403
v -0.69226787 -0.36512514 0.05866851
v -0.71577417 -0.37219462 0.05230892
v -0.73121148 -0.37683736 0.03273591
v -0.73268327 -0.37728000 0.00742572
v -0.71962736 -0.37335346 -0.01395403
v -0.13193388 -0.21557086 -0.05158543
v -0.10890023 -0.20762309 -0.04463759
v -0.09412611 -0.20252528 -0.02469453
v -0.09325472 -0.20222461 0.00062618
v -0.10661891 -0.20683592 0.02165289
v -0.68041308 -0.40482373 0.05158543
v -0.70344672 -0.41277149 0.04463759
v -0.71822085 -0.41786931 0.02469453
v -0.71909224 -0.41816998 -0.00062618
v -0.70572805 -0.41355867 -0.02165289
v -0.12608522 -0.22955755 -0.04449588
v -0.10366179 -0.22053085 -0.03696478
v -0.08962728 -0.21488117 -0.01666397
v -0.08934240 -0.21476649 0.00865232
v -0.10291597 -0.22023062 0.02931414
v -0.66557065 -0.44673082 0.04449588
v -0.68799408 -0.45575751 0.03696478
v -0.70202859 -0.46140719 0.01666397
v -0.70231347 -0.46152187 -0.00865232
v -0.68873990 -0.45605775 -0.02931414
v -0.12123767 -0.23961432 -0.03740408
v -0.09962580 -0.22926053 -0.02929505
v -0.08643995 -0.22294348 -0.00864901
v -0.08671670 -0.22307606 0.01664796
v -0.10035031 -0.22960763 0.03693327
v -0.64661441 -0.49131108 0.03740408
v -0.66822629 -0.50166487 0.02929505
v -0.68141213 -0.50798192 0.00864901
v -0.68113539 -0.50784934 -0.01664796
v -0.66750177 -0.50131777 -0.03693327
v -0.11828953 -0.24479363 -0.03031425
v -0.09778769 -0.23282021 -0.02163294
v -0.08560769 -0.22570688 -0.00065435
v -0.08640187 -0.22617069 0.02460841
v -0.09986688 -0.23403449 0.04450583
v -0.62190441 -0.53891328 0.03031425
v -0.64240625 -0.55088670 0.02163294
v -0.65458625 -0.55800002 0.00065435
v -0.65379207 -0.55753621 -0.02460841
v -0.64032706 -0.54967242 -0.04450583
v -0.11911572 -0.24366669 -0.02323057
v -0.10019882 -0.22971287 -0.01398298
v -0.08926902 -0.22165063 0.00731528
v -0.09050113 -0.22255949 0.03252901
v -0.10342454 -0.23209228 0.05202742
v -0.58870318 -0.59005227 0.02323057
v -0.60762008 -0.60400609 0.01398298
v -0.61854988 -0.61206833 -0.00731528
v -0.61731776 -0.61115947 -0.03252901
v -0.60439436 -0.60162668 -0.05202742
v -0.12648038 -0.23545634 -0.01615722
v -0.10987296 -0.21917428 -0.00634967
v -0.10055368 -0.21003758 0.01525523
v -0.10208219 -0.21153615 0.04040515
v -0.11387466 -0.22309758 0.05949366
v -0.54312837 -0.64394138 0.01615722
v -0.55973580 -0.66022344 0.00634967
v -0.56905508 -0.66936014 -0.01525523
v -0.56752657 -0.66786157 -0.04040515
v -0.55573410 -0.65630014 -0.05949366
v -0.14342452 -0.22161577 -0.00909837
v -0.13010045 -0.20287422 0.00126252
v -0.12284977 -0.19267545 0.02316086
v -0.12444198 -0.19491504 0.04823223
v -0.13426893 -0.20873756 0.06690023
v -0.48129533 -0.69686284 0.00909837
v -0.49461939 -0.71560440 -0.00126252
v -0.50187008 -0.72580317 -0.02316086
v -0.50027787 -0.72356357 -0.04823223
v -0.49045092 -0.70974105 -0.06690023
v -0.16947528 -0.20738147 -0.00205814
v -0.16034125 -0.18657879 0.00884912
v -0.15552915 -0.17561927 0.03102755
v -0.15687703 -0.17868907 0.05600574
v -0.16387006 -0.19461562 0.07424286
v -0.40361566 -0.74063436 0.00205814
v -0.41274969 -0.76143703 -0.00884912
v -0.41756179 -0.77239655 -0.03102755
v -0.41621390 -0.76932675 -0.05600574
v -0.40922088 -0.75340020 -0.07424286
v -0.19079086 -0.20027869 0.00495935
v -0.18558958 -0.17845889 0.01640573
v -0.18294173 -0.16735096 0.03885075
v -0.18385871 -0.17119773 0.06372117
v -0.18799025 -0.18852987 0.08151734
v -0.32558947 -0.76576958 -0.00495935
v -0.33079075 -0.78758937 -0.01640573
v -0.33343860 -0.79869731 -0.03885075
v -0.33252163 -0.79485054 -0.06372117
v -0.32839009 -0.77751840 -0.08151734
v -0.20367884 -0.19889405 0.01195002
v -0.20176231 -0.17684729 0.02392795
v -0.20082153 -0.16602509 0.04662593
v -0.20121585 -0.17056116 0.07137410
v -0.20279465 -0.18872287 0.08871950
v -0.25390379 -0.77665601 -0.01195002
v -0.25582032 -0.79870276 -0.02392795
v -0.25676110 -0.80952496 -0.04662593
v -0.25636678 -0.80498890 -0.07137410
v -0.25478798 -0.78682719 -0.08871950
v -0.21773648 -0.19966909 0.01890983
v -0.21914898 -0.17789879 0.03141143
v -0.21981595 -0.16761909 0.05434860
v -0.21948262 -0.17275648 0.07896012
v -0.21827633 -0.19134865 0.09584523
v -0.18029979 -0.77666685 -0.01890983
v -0.17888729 -0.79843715 -0.03141143
v -0.17822032 -0.80871684 -0.05434860
v -0.17855365 -0.80357945 -0.07896012
v -0.17975994 -0.78498728 -0.09584523
v -0.23229669 -0.20277423 0.02583475
v -0.23697755 -0.18180035 0.03885185
v -0.23909786 -0.17229967 0.06201433
v -0.23784775 -0.17790113 0.08647491
v -0.23370472 -0.19646517 0.10289048
v -0.10680209 -0.76508837 -0.02583475
v -0.10212123 -0.78606226 -0.03885185
v -0.10000092 -0.79556294 -0.06201433
v -0.10125103 -0.78996147 -0.08647491
v -0.10539406 -0.77139744 -0.10289048
v -0.24399060 -0.20745568 0.03272079
v -0.25157860 -0.18771212 0.04624493
v -0.25486565 -0.17915939 0.06961873
v -0.25259621 -0.18506434 0.09391419
v -0.24563713 -0.20317149 0.10985127
v -0.03815939 -0.74301731 -0.03272079
v -0.03057139 -0.76276087 -0.04624493
v -0.02728434 -0.77131360 -0.06961873
v -0.02955378 -0.76540864 -0.09391419
v -0.03651286 -0.74730150 -0.10985127
v -0.25069193 -0.21189823 0.03956401
v -0.26064320 -0.19363182 0.05358644
v -0.26475090 -0.18609178 0.07715746
v -0.26144602 -0.19215817 0.10127374
v -0.25199093 -0.20951381 0.11672368
v 0.02248834 -0.71334427 -0.03956401
v 0.03243961 -0.73161069 -0.05358644
v 0.03654731 -0.73915072 -0.07715746
v 0.03324243 -0.73308434 -0.10127374
v 0.02378734 -0.71572869 -0.11672368
v -0.25192023 -0.21427636 0.04636050
v -0.26365517 -0.19754164 0.06087219
v -0.26825167 -0.19098677 0.08462623
v -0.26395401 -0.19711548 0.10854940
v -0.25240376 -0.21358681 0.12350385
v 0.07418067 -0.67931539 -0.04636050
v 0.08591561 -0.69605011 -0.06087219
v 0.09051211 -0.70260498 -0.08462623
v 0.08621445 -0.69647627 -0.10854940
v 0.07466420 -0.68000494 -0.12350385
v -0.24834625 -0.21346738 0.05310639
v -0.26135047 -0.19818598 0.06809803
v -0.26616028 -0.19253392 0.09202083
v -0.26093850 -0.19867009 0.11573708
v -0.24767967 -0.21425068 0.13018799
v 0.11756810 -0.64345716 -0.05310639
v 0.13057232 -0.65873855 -0.06809803
v 0.13538213 -0.66439061 -0.09202083
v 0.13016035 -0.65825445 -0.11573708
v 0.11690152 -0.64267385 -0.13018799
v -0.24135744 -0.20941146 0.05979786
v -0.25523967 -0.19546077 0.07525988
v -0.26006003 -0.19061665 0.09933707
v -0.25397729 -0.19672938 0.12283275
v -0.23931486 -0.21146410 0.13677238
v 0.15429546 -0.60701514 -0.05979786
v 0.16817770 -0.62096582 -0.07525988
v 0.17299805 -0.62580995 -0.09933707
v 0.16691532 -0.61969722 -0.12283275
v 0.15225289 -0.60496249 -0.13677238
v -0.23172412 -0.20194333 0.06643112
v -0.24616785 -0.18916462 0.08235369
v -0.25084355 -0.18502791 0.10657084
v -0.24396527 -0.19111329 0.12983245
v -0.22816028 -0.20509635 0.14325337
v 0.18537784 -0.57096358 -0.06643112
v 0.19982157 -0.58374230 -0.08235369
v 0.20449727 -0.58787901 -0.10657084
v 0.19761899 -0.58179363 -0.12983245
v 0.18181400 -0.56781057 -0.14325337
v -0.22020022 -0.19148818 0.07300245
v -0.23496888 -0.17972852 0.08937547
v -0.23938832 -0.17620951 0.11371810
v -0.23177045 -0.18227530 0.13673229
v -0.21502505 -0.19560895 0.14962740
v 0.21208852 -0.53570127 -0.07300245
v 0.22685719 -0.54746092 -0.08937547
v 0.23127662 -0.55097993 -0.11371810
v 0.22365875 -0.54491415 -0.13673229
v 0.20691335 -0.53158050 -0.14962740
v -0.20755691 -0.17858569 0.07950816
v -0.22248215 -0.16771972 0.09632128
v -0.22656744 -0.16474552 0.12077486
v -0.21825235 -0.17079913 0.14352846
v -0.20071296 -0.18356827 0.15589098
v 0.23543963 -0.50109886 -0.07950816
v 0.25036487 -0.51196482 -0.09632128
v 0.25445016 -0.51493903 -0.12077486
v 0.24613507 -0.50888542 -0.14352846
v 0.22859568 -0.49611628 -0.15589098
v -0.19409630 -0.16362022 0.08594462
v -0.20904882 -0.15353748 0.10318727
v -0.21274264 -0.15104667 0.12773721
v -0.20376685 -0.15709920 0.15021721
v -0.18554990 -0.16938320 0.16204067
v 0.25613179 -0.46721669 -0.08594462
v 0.27108431 -0.47729943 -0.10318727
v 0.27477813 -0.47979024 -0.12773721
v 0.26580234 -0.47373771 -0.15021721
v 0.24758539 -0.46145371 -0.16204067
v -0.18018040 -0.14699195 0.09230827
v -0.19506474 -0.13760487 0.10996961
v -0.19832574 -0.13554826 0.13460130
v -0.18871780 -0.14160768 0.15679488
v -0.16991082 -0.15346865 0.16807314
v 0.27470030 -0.43387086 -0.09230827
v 0.28958464 -0.44325795 -0.10996961
v 0.29284563 -0.44531455 -0.13460130
v 0.28323769 -0.43925513 -0.15679488
v 0.26443072 -0.42739416 -0.16807314
v -0.16580442 -0.12877685 0.09859557
v -0.18053727 -0.11999758 0.11666455
v -0.18333277 -0.11833175 0.14136336
v -0.17312313 -0.12441565 0.16325788
v -0.15380808 -0.13592543 0.17398515
v 0.29142486 -0.40123854 -0.09859557
v 0.30615771 -0.41001781 -0.11666455
v 0.30895321 -0.41168364 -0.14136336
v 0.29874357 -0.40559974 -0.16325788
v 0.27942852 -0.39408996 -0.17398515
v -0.15116782 -0.10935188 0.10480308
v -0.16568792 -0.10111440 0.12326842
v -0.16799463 -0.09980577 0.14801967
v -0.15720687 -0.10592583 0.16960270
v -0.13744520 -0.11713693 0.17977352
v 0.30670727 -0.36911150 -0.10480308
v 0.32122736 -0.37734897 -0.12326842
v 0.32353408 -0.37865761 -0.14801967
v 0.31274632 -0.37253754 -0.16960270
v 0.29298465 -0.36132644 -0.17977352
v -0.13634874 -0.08892152 0.11092738
v -0.15060694 -0.08117107 0.12977758
v -0.15240743 -0.08019236 0.15456662
v -0.14106248 -0.08635923 0.17582592
v -0.12090548 -0.09731614 0.18543515
v 0.32078953 -0.33741196 -0.11092738
v 0.33504773 -0.34516241 -0.12977758
v 0.33684822 -0.34614112 -0.15456662
v 0.32550327 -0.33997425 -0.17582592
v 0.30534627 -0.32901734 -0.18543515
v -0.12137848 -0.06762550 0.11696513
v -0.13533379 -0.06031478 0.13618850
v -0.13661490 -0.05964365 0.16100066
v -0.12473249 -0.06586845 0.18192421
v -0.10422522 -0.07661152 0.19096706
v 0.33384904 -0.30610391 -0.11696513
v 0.34780435 -0.31341462 -0.13618850
v 0.34908546 -0.31408575 -0.16100066
v 0.33720304 -0.30786096 -0.18192421
v 0.31669578 -0.29711789 -0.19096706
v -0.10627387 -0.04558362 0.12291307
v -0.11989168 -0.03867187 0.14249769
v -0.12064368 -0.03829019 0.16731831
v -0.10824262 -0.04458438 0.18789430
v -0.08742529 -0.05515027 0.19636633
v 0.34603319 -0.27515322 -0.12291307
v 0.35965100 -0.28206498 -0.14249769
v 0.36040300 -0.28244666 -0.16731831
v 0.34800194 -0.27615247 -0.18789430
v 0.32718461 -0.26558658 -0.19636633
v -0.09104118 -0.02289832 0.12876798
v -0.10429199 -0.01635039 0.14870175
v -0.10450788 -0.01624371 0.17351619
v -0.09160636 -0.02261903 0.19373304
v -0.07051539 -0.03304119 0.20163014
v 0.35746552 -0.24452921 -0.12876798
v 0.37071634 -0.25107714 -0.14870175
v 0.37093222 -0.25118382 -0.17351619
v 0.35803071 -0.24480849 -0.19373304
v 0.33693974 -0.23438633 -0.20163014
v -0.07567895 0.00034294 0.13452670
v -0.08853737 0.00655732 0.15479734
v -0.08821241 0.00640027 0.17959100
v -0.07482822 -0.00006822 0.19943735
v -0.05349708 -0.01037741 0.20675576
v 0.36825066 -0.21420521 -0.13452670
v 0.38110907 -0.22041959 -0.15479734
v 0.38078412 -0.22026254 -0.17959100
v 0.36739992 -0.21379405 -0.19943735
v 0.34606879 -0.20348486 -0.20675576
v -0.06018001 0.02406535 0.14018618
v -0.07262392 0.02997228 0.16078121
v -0.07175533 0.02955997 0.18553950
v -0.05790602 0.02298592 0.20500424
v -0.03636595 0.01276119 0.21174056
v 0.37847815 -0.18415887 -0.14018618
v 0.39092206 -0.19006580 -0.16078121
v 0.39005347 -0.18965349 -0.18553950
v 0.37620416 -0.18307944 -0.20500424
v 0.35466409 -0.17285471 -0.21174056
v -0.04453274 0.04820485 0.14574340
v -0.05654275 0.05382681 0.16665018
v -0.05512940 0.05316521 0.19135858
v -0.04083253 0.04647276 0.21043083
v -0.01911307 0.03630573 0.21658198
v 0.38822559 -0.15437210 -0.14574340
v 0.40023561 -0.15999406 -0.16665018
v 0.39882226 -0.15933246 -0.19135858
v 0.38452539 -0.15264001 -0.21043083
v 0.36280592 -0.14247299 -0.21658198
v -0.02872202 0.07270632 0.15119543
v -0.04028101 0.07806269 0.17240115
v -0.03832325 0.07715548 0.19704517
v -0.02359654 0.07033120 0.21571431
v -0.00172598 0.06019650 0.22127759
v 0.39756109 -0.12483094 -0.15119543
v 0.40912008 -0.13018731 -0.17240115
v 0.40716232 -0.12928010 -0.19704517
v 0.39243561 -0.12245582 -0.21571431
v 0.37056505 -0.11232112 -0.22127759
v -0.01272975 0.09752215 0.15653940
v -0.02382247 0.10262959 0.17803111
v -0.02132203 0.10147830 0.20259633
v -0.00618353 0.09450805 0.22085198
v 0.01581065 0.08438123 0.22582503
v 0.40654521 -0.09552541 -0.15653940
v 0.41763792 -0.10063285 -0.17803111
v 0.41513749 -0.09948157 -0.20259633
v 0.39999898 -0.09251132 -0.22085198
v 0.37800480 -0.08238450 -0.22582503
v 0.00346488 0.12261090 0.16177254
v -0.00714792 0.12748369 0.18353712
v -0.00410785 0.12608786 0.20800919
v 0.01142389 0.11895657 0.22584125
v 0.03351470 0.10881374 0.23022206
v 0.41523260 -0.06644933 -0.16177254
v 0.42584540 -0.07132213 -0.18353712
v 0.42280533 -0.06992630 -0.20800919
v 0.40727359 -0.06279501 -0.22584125
v 0.38518278 -0.05265217 -0.23022206
v 0.01988533 0.14793623 0.16689213
v 0.00976470 0.15258655 0.18891633
v 0.01334007 0.15094370 0.21328097
v 0.02924579 0.14363519 0.23067959
v 0.05140639 0.13345261 0.23446650
v 0.42367332 -0.03760026 -0.16689213
v 0.43379395 -0.04225058 -0.18891633
v 0.43021857 -0.04060773 -0.21328097
v 0.41431286 -0.03329922 -0.23067959
v 0.39215225 -0.02311665 -0.23446650
v 0.03655779 0.17346589 0.17189554
v 0.02694037 0.17790405 0.19416598
v 0.03104542 0.17600969 0.21840900
v 0.04730495 0.16850639 0.23536461
v 0.06950838 0.15826016 0.23855632
v 0.43191391 -0.00897937 -0.17189554
v 0.44153133 -0.01341753 -0.19416598
v 0.43742628 -0.01152317 -0.21840900
v 0.42116675 -0.00401987 -0.23536461
v 0.39896332 0.00622636 -0.23855632
v 0.05351148 0.19917088 0.17678022
v 0.04440723 0.20340544 0.19928338
v 0.04903494 0.20125300 0.22339070
v 0.06562700 0.19353572 0.23989399
v 0.08784579 0.18320134 0.24248956
v 0.43999831 0.01940847 -0.17678022
v 0.44910257 0.01517390 -0.19928338
v 0.44447485 0.01732634 -0.22339070
v 0.42788280 0.02504363 -0.23989399
v 0.40566400 0.03537801 -0.24248956
v 0.07077901 0.22502458 0.18154369
v 0.06219689 0.22906252 0.20426596
v 0.06733878 0.22664323 0.22822357
v 0.08424065 0.21869079 0.24426553
v 0.10644657 0.20824278 0.24626437
v 0.44796866 0.04755463 -0.18154369
v 0.45655079 0.04351669 -0.20426596
v 0.45140889 0.04593598 -0.22822357
v 0.43450702 0.05388841 -0.24426553
v 0.41230110 0.06433642 -0.24626437
v 0.08839690 0.25100199 0.18618357
v 0.08034496 0.25484874 0.20911121
v 0.08599090 0.25215144 0.23290523
v 0.10317815 0.24394036 0.24847714
v 0.12534178 0.23335186 0.24987899
v 0.45586597 0.07544653 -0.18618357
v 0.46391791 0.07159978 -0.20911121
v 0.45827197 0.07429708 -0.23290523
v 0.44108472 0.08250816 -0.24847714
v 0.41892109 0.09309665 -0.24987899
v 0.10640631 0.27707890 0.19069754
v 0.09889173 0.28073839 0.21381672
v 0.10502971 0.27774929 0.23743339
v 0.12247576 0.26925333 0.25252680
v 0.14456607 0.25849568 0.25333178
v 0.46373069 0.10306738 -0.19069754
v 0.47124527 0.09940789 -0.21381672
v 0.46510729 0.10239700 -0.23743339
v 0.44766124 0.11089296 -0.25252680
v 0.42557092 0.12165060 -0.25333178
v 0.12485380 0.30323101 0.19508338
v 0.11788288 0.30670563 0.21838017
v 0.12449875 0.30340798 0.24180586
v 0.14217437 0.29459767 0.25641264
v 0.16415826 0.28363993 0.25662120
v 0.47160325 0.13039577 -0.19508338
v 0.47857417 0.12692115 -0.21838017
v 0.47195831 0.13021879 -0.24180586
v 0.45428268 0.13902910 -0.25641264
v 0.43229879 0.14998685 -0.25662120
v 0.14379240 0.32943287 0.19933895
v 0.13737055 0.33272340 0.22279935
v 0.14444757 0.32909716 0.24602055
v 0.16232028 0.31993926 0.26013284
v 0.18416192 0.30874770 0.25974582
v 0.47952450 0.15740521 -0.19933895
v 0.48594635 0.15411468 -0.22279935
v 0.47886933 0.15774091 -0.24602055
v 0.46099662 0.16689881 -0.26013284
v 0.43915498 0.17809037 -0.25974582
v 0.16328274 0.35565666 0.20346220
v 0.15741442 0.35876214 0.22707212
v 0.16493278 0.35478347 0.25007547
v 0.18296604 0.34524036 0.26368574
v 0.20462613 0.33377796 0.26270429
v 0.48753610 0.18406351 -0.20346220
v 0.49340442 0.18095803 -0.22707212
v 0.48588606 0.18493670 -0.25007547
v 0.46785280 0.19447981 -0.26368574
v 0.44619271 0.20594221 -0.26270429
v 0.18339448 0.38187063 0.20745116
v 0.17808310 0.38478816 0.23119645
v 0.18601919 0.38042888 0.25396873
v 0.20417143 0.37045787 0.26706976
v 0.22560628 0.35868373 0.26549540
v 0.49568082 0.21033207 -0.20745116
v 0.50099219 0.20741454 -0.23119645
v 0.49305611 0.21177382 -0.25396873
v 0.47490387 0.22174483 -0.26706976
v 0.45346902 0.23351896 -0.26549540
v 0.20420788 0.40803703 0.21130394
v 0.19945563 0.41076149 0.23517040
v 0.20778118 0.40598847 0.25769856
v 0.22600446 0.39554109 0.27028343
v 0.24716480 0.38340989 0.26811802
v 0.50400276 0.23616505 -0.21130394
v 0.50875502 0.23344059 -0.23517040
v 0.50042947 0.23821361 -0.25769856
v 0.48220619 0.24866099 -0.27028343
v 0.46104585 0.26079219 -0.26811802
v 0.22581561 0.43410946 0.21501876
v 0.22162317 0.43663314 0.23899213
v 0.23030406 0.43140760 0.26126329
v 0.24854249 0.42042880 0.27332539
v 0.26937199 0.40789028 0.27057113
v 0.51254748 0.26150845 -0.21501876
v 0.51673992 0.25898477 -0.23899213
v 0.50805903 0.26421031 -0.26126329
v 0.48982061 0.27518911 -0.27332539
v 0.46899111 0.28772763 -0.27057113
v 0.24833914 0.46005198 0.21859391
v 0.24470570 0.46236474 0.24265990
v 0.25369947 0.45664002 0.26466133
v 0.27188513 0.44506446 0.27619439
v 0.29231637 0.43205954 0.27285384
v 0.52134742 0.28627642 -0.21859391
v 0.52498086 0.28396366 -0.24265990
v 0.51598710 0.28968838 -0.26466133
v 0.49780144 0.30126394 -0.27619439
v 0.47737019 0.31426886 -0.27285384
v 0.27197227 0.48587096 0.22202778
v 0.26889598 0.48796093 0.24617207
v 0.27814605 0.48167661 0.26789123
v 0.29618927 0.46941841 0.27888928
v 0.31613373 0.45586853 0.27496533
v 0.53039660 0.31030255 -0.22202778
v 0.53347289 0.30821258 -0.24617207
v 0.52422282 0.31449690 -0.26789123
v 0.50617960 0.32675510 -0.27888928
v 0.48623514 0.34030498 -0.27496533
v 0.29684009 0.51134962 0.22531885
v 0.29431414 0.51319771 0.24952708
v 0.30375438 0.50629082 0.27095162
v 0.32155496 0.49326714 0.28140902
v 0.34091667 0.47910127 0.27690492
v 0.53982720 0.33356969 -0.22531885
v 0.54235315 0.33172160 -0.24952708
v 0.53291291 0.33862849 -0.27095162
v 0.51511233 0.35165217 -0.28140902
v 0.49575062 0.36581803 -0.27690492
v 0.32309796 0.53638106 0.22846568
v 0.32111122 0.53796310 0.25272349
v 0.33065794 0.53036105 0.27384125
v 0.34809160 0.51647863 0.28375271
v 0.36675314 0.50161846 0.27867201
v 0.54964638 0.35598065 -0.22846568
v 0.55163312 0.35439861 -0.25272349
v 0.54208640 0.36200067 -0.27384125
v 0.52465273 0.37588308 -0.28375271
v 0.50599120 0.39074326 -0.27867201
v 0.35110461 0.56089825 0.23146695
v 0.34964151 0.56218580 0.25575995
v 0.35917726 0.55379423 0.27655898
v 0.37606955 0.53892884 0.28591951
v 0.39386608 0.52326770 0.28026614
v 0.55979772 0.37724609 -0.23146695
v 0.56126083 0.37595854 -0.25575995
v 0.55172508 0.38435010 -0.27655898
v 0.53483279 0.39921549 -0.28591951
v 0.51703626 0.41487663 -0.28026614
v 0.38112451 0.58457719 0.23432140
v 0.38015948 0.58553269 0.25863523
v 0.38953426 0.57625051 0.27910377
v 0.40566802 0.56027611 0.28790873
v 0.42239820 0.54371118 0.28168692
v 0.57033647 0.39723417 -0.23432140
v 0.57130150 0.39627867 -0.25863523
v 0.56192671 0.40556086 -0.27910377
v 0.54579295 0.42153525 -0.28790873
v 0.52906277 0.43810018 -0.28168692
v 0.41341603 0.60698578 0.23702787
v 0.41290975 0.60756228 0.26134818
v 0.42193295 0.59728750 0.28147469
v 0.43703907 0.58008606 0.28971978
v 0.45245809 0.56252832 0.28293409
v 0.58130316 0.41581156 -0.23702787
v 0.58180943 0.41523506 -0.26134818
v 0.57278624 0.42550984 -0.28147469
v 0.55768012 0.44271128 -0.28971978
v 0.54226110 0.46026902 -0.28293409
v 0.44837213 0.62767079 0.23958531
v 0.44826690 0.62781305 0.26389774
v 0.45668017 0.61643922 0.28367092
v 0.47039836 0.59789372 0.29135216
v 0.48418158 0.57926030 0.28400749
v 0.59257401 0.43272547 -0.23958531
v 0.59267923 0.43258321 -0.26389774
v 0.58426596 0.44395704 -0.28367092
v 0.57054778 0.46250254 -0.29135216
v 0.55676456 0.48113596 -0.28400749
v 0.48630967 0.64582094 0.24199275
v 0.48652057 0.64546640 0.26628299
v 0.49399016 0.63290885 0.28569174
v 0.50586532 0.61294485 0.29280550
v 0.51761014 0.59319998 0.28490707
v 0.60411568 0.44777065 -0.24199275
v 0.60390479 0.44812520 -0.26628299
v 0.59643520 0.46068275 -0.28569174
v 0.58456004 0.48064674 -0.29280550
v 0.57281522 0.50039162 -0.28490707
v 0.52705534 0.66025965 0.24424931
v 0.52746378 0.65934597 0.26850309
v 0.53361229 0.64559203 0.28753654
v 0.54315233 0.62425136 0.29407954
v 0.55243993 0.60347537 0.28563288
v 0.61614834 0.46096233 -0.24424931
v 0.61573989 0.46187601 -0.26850309
v 0.60959139 0.47562996 -0.28753654
v 0.60005135 0.49697063 -0.29407954
v 0.59076374 0.51774661 -0.28563288
v 0.57001378 0.66979746 0.24635422
v 0.57046792 0.66827622 0.27055730
v 0.57490478 0.65341376 0.28920484
v 0.58162965 0.63088703 0.29517412
v 0.58807384 0.60930049 0.28618508
v 0.62896587 0.47232177 -0.24635422
v 0.62851173 0.47384302 -0.27055730
v 0.62407487 0.48870548 -0.28920484
v 0.61735000 0.51123220 -0.29517412
v 0.61090581 0.53281874 -0.28618508
v 0.61402444 0.67341215 0.24830678
v 0.61434985 0.67126419 0.27244498
v 0.61673831 0.65549843 0.29069624
v 0.62027749 0.63213688 0.29608920
v 0.62361557 0.61010284 0.28656394
v 0.64305234 0.48180418 -0.24830678
v 0.64272693 0.48395214 -0.27244498
v 0.64033847 0.49971789 -0.29069624
v 0.63679929 0.52307945 -0.29608920
v 0.63346121 0.54511349 -0.28656394
v 0.65749185 0.67067104 0.25010641
v 0.65751403 0.66791597 0.27416560
v 0.65764582 0.65154589 0.29201045
v 0.65783687 0.62781362 0.29682484
v 0.65801422 0.60578407 0.28676983
v 0.65895243 0.48924364 -0.25010641
v 0.65893025 0.49199872 -0.27416560
v 0.65879847 0.50836879 -0.29201045
v 0.65860741 0.53210107 -0.29682484
v 0.65843006 0.55413061 -0.28676983
v 0.69986871 0.66174582 0.25175260
v 0.69939783 0.65844394 0.27571873
v 0.69702804 0.64182682 0.29314731
v 0.69366454 0.61824164 0.29738121
v 0.69059205 0.59669713 0.28680322
v 0.67600719 0.49442690 -0.25175260
v 0.67647807 0.49772878 -0.27571873
v 0.67884786 0.51434590 -0.29314731
v 0.68221136 0.53793108 -0.29738121
v 0.68528385 0.55947559 -0.28680322
v 0.74083526 0.64612339 0.25324495
v 0.73964300 0.64239695 0.27710406
v 0.73440488 0.62602517 0.29410675
v 0.72712169 0.60326151 0.29775859
v 0.72057536 0.58280092 0.28666469
v 0.69313345 0.49703101 -0.25324495
v 0.69432572 0.50075745 -0.27710406
v 0.69956384 0.51712923 -0.29410675
v 0.70684702 0.53989289 -0.29775859
v 0.71339335 0.56035348 -0.28666469
v 0.77813368 0.62364187 0.25458315
v 0.77603241 0.61967782 0.27832134
v 0.76779757 0.60414280 0.29488882
v 0.75657459 0.58297067 0.29795737
v 0.74665027 0.56424845 0.28635492
v 0.71068275 0.49639576 -0.25458315
v 0.71278403 0.50035980 -0.27832134
v 0.72101887 0.51589482 -0.29488882
v 0.73224184 0.53706695 -0.29795737
v 0.74216616 0.55578917 -0.28635492
v 0.80960589 0.59578455 0.25576698
v 0.80651016 0.59178586 0.27937046
v 0.79551256 0.57758048 0.29549365
v 0.78081380 0.55859440 0.29797804
v 0.76802831 0.54207964 0.28587469
v 0.72912952 0.49183487 -0.25576698
v 0.73222525 0.49583356 -0.27937046
v 0.74322285 0.51003893 -0.29549365
v 0.75792161 0.52902502 -0.29797804
v 0.77070710 0.54553977 -0.28587469
v 0.83449842 0.56454625 0.25679633
v 0.83041321 0.56068163 0.28025139
v 0.81709300 0.54808068 0.29592150
v 0.79962566 0.53155653 0.29782121
v 0.78468312 0.51742085 0.28522489
v 0.74814277 0.48285358 -0.25679633
v 0.75222798 0.48671820 -0.28025139
v 0.76554819 0.49931915 -0.29592150
v 0.78301552 0.51584330 -0.29782121
v 0.79795807 0.52997898 -0.28522489
v 0.85316895 0.53189530 0.25767115
v 0.84816503 0.52825857 0.28096422
v 0.83304148 0.51726715 0.29617275
v 0.81357499 0.50311938 0.29748758
v 0.79720110 0.49121924 0.28440651
v 0.76720885 0.46942161 -0.25767115
v 0.77221278 0.47305834 -0.28096422
v 0.78733632 0.48404976 -0.29617275
v 0.80680281 0.49819753 -0.29748758
v 0.82317671 0.51009767 -0.28440651
v 0.86681314 0.49903348 0.25839151
v 0.86097548 0.49565727 0.28150912
v 0.84449010 0.48612295 0.29624784
v 0.82365383 0.47407231 0.29697797
v 0.80642544 0.46410828 0.28342063
v 0.78575371 0.45215279 -0.25839151
v 0.79159137 0.45552900 -0.28150912
v 0.80807676 0.46506331 -0.29624784
v 0.82891302 0.47711396 -0.29697797
v 0.84614141 0.48707799 -0.28342063
v 0.87661826 0.46641921 0.25895757
v 0.87001913 0.46330608 0.28188638
v 0.85249134 0.45503737 0.29614735
v 0.83072990 0.44477145 0.29629328
v 0.81304695 0.43642955 0.28226843
v 0.80335332 0.43185660 -0.25895757
v 0.80995245 0.43496973 -0.28188638
v 0.82748024 0.44323843 -0.29614735
v 0.84924168 0.45350435 -0.29629328
v 0.86692463 0.46184625 -0.28226843
v 0.88353215 0.43418396 0.25936957
v 0.87622632 0.43132771 0.28209637
v 0.85787433 0.42415290 0.29587197
v 0.83548600 0.41540006 0.29543455
v 0.81761292 0.40841248 0.28095120
v 0.81984930 0.40928680 -0.25936957
v 0.82715513 0.41214306 -0.28209637
v 0.84550712 0.41931787 -0.29587197
v 0.86789545 0.42807071 -0.29543455
v 0.88576853 0.43505829 -0.28095120
v 0.88815709 0.40236695 0.25962786
v 0.88019028 0.39974704 0.28213958
v 0.86117516 0.39349386 0.29542245
v 0.83837488 0.38599593 0.29440288
v 0.82049835 0.38011718 0.27947030
v 0.83519445 0.38495003 -0.25962786
v 0.84316127 0.38756994 -0.28213958
v 0.86217639 0.39382312 -0.29542245
v 0.88497667 0.40132106 -0.29440288
v 0.90285319 0.40719980 -0.27947030
v 0.89107634 0.37095450 0.25973285
v 0.88248423 0.36854723 0.28201657
v 0.86292070 0.36306607 0.29479970
v 0.83985834 0.35660464 0.29319951
v 0.82210618 0.35163098 0.27782723
v 0.84953172 0.35931485 -0.25973285
v 0.85812382 0.36172212 -0.28201657
v 0.87768736 0.36720328 -0.29479970
v 0.90074972 0.37366472 -0.29319951
v 0.91850188 0.37863838 -0.27782723
v 0.89260696 0.33985418 0.25968508
v 0.88341614 0.33764224 0.28172804
v 0.86338376 0.33282106 0.29400468
v 0.84016152 0.32723219 0.29182576
v 0.82261951 0.32301037 0.27602353
v 0.86289686 0.33270388 -0.25968508
v 0.87208768 0.33491583 -0.28172804
v 0.89212006 0.33973700 -0.29400468
v 0.91534230 0.34532588 -0.29182576
v 0.93288431 0.34954769 -0.27602353
v 0.89306116 0.30902715 0.25948516
v 0.88329318 0.30699505 0.28127474
v 0.86285158 0.30274245 0.29303849
v 0.83954437 0.29789368 0.29028304
v 0.82227411 0.29430083 0.27406088
v 0.87543605 0.30536048 -0.25948516
v 0.88520403 0.30739258 -0.28127474
v 0.90564562 0.31164519 -0.29303849
v 0.92895283 0.31649395 -0.29028304
v 0.94622310 0.32008680 -0.27406088
v 0.89258887 0.27841776 0.25913377
v 0.88226174 0.27655229 0.28065756
v 0.86145704 0.27279420 0.29190230
v 0.83812145 0.26857893 0.28857288
v 0.82116839 0.26551658 0.27194103
v 0.88719232 0.27744294 -0.25913377
v 0.89751945 0.27930840 -0.28065756
v 0.91832415 0.28306650 -0.29190230
v 0.94165973 0.28728177 -0.28857288
v 0.95861280 0.29034412 -0.27194103
v 0.89139117 0.24799594 0.25863172
v 0.88052204 0.24627590 0.27987745
v 0.85939429 0.24293243 0.29059740
v 0.83607801 0.23924263 0.28669689
v 0.81947922 0.23661586 0.26966581
v 0.89829532 0.24908853 -0.25863172
v 0.90916445 0.25080857 -0.27987745
v 0.93029220 0.25415204 -0.29059740
v 0.95360848 0.25784184 -0.28669689
v 0.97020728 0.26046860 -0.26966581
v 0.88959345 0.21772178 0.25797988
v 0.87819626 0.21613443 0.27893548
v 0.85677609 0.21315110 0.28912516
v 0.83351474 0.20991134 0.28465679
v 0.81729723 0.20765263 0.26723715
v 0.90882000 0.22039959 -0.25797988
v 0.92021720 0.22198695 -0.27893548
v 0.94163736 0.22497027 -0.28912516
v 0.96489872 0.22821003 -0.28465679
v 0.98111622 0.23046875 -0.26723715
v 0.88729681 0.18756658 0.25717920
v 0.87538439 0.18609945 0.27783280
v 0.85369819 0.18342859 0.28748706
v 0.83052161 0.18057417 0.28245438
v 0.81470732 0.17862648 0.26465708
v 0.91883366 0.19145065 -0.25717920
v 0.93074609 0.19291777 -0.27783280
v 0.95243228 0.19558864 -0.28748706
v 0.97560886 0.19844306 -0.28245438
v 0.99142316 0.20039074 -0.26465708
v 0.88458733 0.15750612 0.25623074
v 0.87217167 0.15614743 0.27657064
v 0.85024265 0.15374767 0.28568467
v 0.82717640 0.15122345 0.28009156
v 0.81178345 0.14953895 0.26192770
v 0.92839774 0.16230043 -0.25623074
v 0.94081339 0.16365912 -0.27657064
v 0.96274242 0.16605888 -0.28568467
v 0.98580866 0.16858309 -0.28009156
v 1.00120161 0.17026759 -0.26192770
v 0.88153541 0.12751517 0.25513563
v 0.86862812 0.12625174 0.27515036
v 0.84647749 0.12408353 0.28371965
v 0.82354432 0.12183872 0.27757031
v 0.80858829 0.12037475 0.25905119
v 0.93756319 0.13299944 -0.25513563
v 0.95047048 0.13426287 -0.27515036
v 0.97262110 0.13643108 -0.28371965
v 0.99555428 0.13867589 -0.27757031
v 1.01051031 0.14013985 -0.25905119
v 0.87821260 0.09756927 0.25389508
v 0.86482500 0.09638630 0.27357338
v 0.84247250 0.09441116 0.28159376
v 0.81969297 0.09239830 0.27489272
v 0.80518743 0.09111654 0.25602983
v 0.94638592 0.10359326 -0.25389508
v 0.95977351 0.10477623 -0.27357338
v 0.98212602 0.10675137 -0.28159376
v 1.00490555 0.10876423 -0.27489272
v 1.01941108 0.11004599 -0.25602983
v 0.87467818 0.06765067 0.25251041
v 0.86082123 0.06653427 0.27184121
v 0.83828505 0.06471861 0.27930886
v 0.81567770 0.06289722 0.27206095
v 0.80163443 0.06176580 0.25286596
v 0.95491343 0.07411494 -0.25251041
v 0.96877039 0.07523135 -0.27184121
v 0.99130656 0.07704701 -0.27930886
v 1.01391391 0.07886840 -0.27206095
v 1.02795718 0.07999982 -0.25286596
v 0.87098436 0.03774139 0.25098298
v 0.85666883 0.03667744 0.26995546
v 0.83396625 0.03499017 0.27686686
v 0.81154823 0.03332404 0.26907726
v 0.79797769 0.03231547 0.24956201
v 0.96318764 0.04459401 -0.25098298
v 0.97750317 0.04565795 -0.26995546
v 1.00020575 0.04734523 -0.27686686
v 1.02262377 0.04901136 -0.26907726
v 1.03619430 0.05001993 -0.24956201
v 0.86717959 0.00782291 0.24931426
v 0.85241625 0.00679652 0.26791782
v 0.82956390 0.00520775 0.27426981
v 0.80735134 0.00366346 0.26594397
v 0.79426302 0.00275352 0.24612050
v 0.97124763 0.01505806 -0.24931426
v 0.98601097 0.01608445 -0.26791782
v 1.00886332 0.01767322 -0.27426981
v 1.03107588 0.01921751 -0.26594397
v 1.04416420 0.02012745 -0.24612050
v 0.86330964 -0.02212318 0.24750579
v 0.84810932 -0.02312795 0.26573007
v 0.82512337 -0.02464738 0.27151981
v 0.80313164 -0.02610108 0.26266352
v 0.79053421 -0.02693380 0.24254400
v 0.97913046 -0.01446716 -0.24750579
v 0.99433077 -0.01346238 -0.26573007
v 1.01731672 -0.01194296 -0.27151981
v 1.03930846 -0.01048926 -0.26266352
v 1.05190588 -0.00965654 -0.24254400
v 0.85941859 -0.05211571 0.24555919
v 0.84379225 -0.05311604 0.26339406
v 0.82068862 -0.05459504 0.26861906
v 0.79893249 -0.05598777 0.25923839
v 0.78683397 -0.05676227 0.23883517
v 0.98687172 -0.04395671 -0.24555919
v 1.00249805 -0.04295638 -0.26339406
v 1.02560169 -0.04147738 -0.26861906
v 1.04735782 -0.04008465 -0.25923839
v 1.05945634 -0.03931015 -0.23883517
v 0.85554979 -0.08217437 0.24347615
v 0.83950862 -0.08318895 0.26091175
v 0.81630309 -0.08465667 0.26556983
v 0.79479692 -0.08601690 0.25567118
v 0.78320475 -0.08675009 0.23499673
v 0.99450622 -0.07338556 -0.24347615
v 1.01054740 -0.07237097 -0.26091175
v 1.03375293 -0.07090326 -0.26556983
v 1.05525909 -0.06954302 -0.25567118
v 1.06685127 -0.06880983 -0.23499673
v 0.85174684 -0.11232017 0.24125846
v 0.83530230 -0.11336956 0.25828514
v 0.81201066 -0.11485587 0.26237450
v 0.79076854 -0.11621140 0.25196453
v 0.77968972 -0.11691838 0.23103149
v 1.00206850 -0.10272766 -0.24125846
v 1.01851305 -0.10167828 -0.25828514
v 1.04180468 -0.10019196 -0.26237450
v 1.06304680 -0.09883643 -0.25196453
v 1.07412563 -0.09812945 -0.23103149
v 0.84805452 -0.14257609 0.23890795
v 0.83121848 -0.14368306 0.25551636
v 0.80785669 -0.14521909 0.25903550
v 0.78689257 -0.14659747 0.24812119
v 0.77633369 -0.14729171 0.22694231
v 1.00959344 -0.13195496 -0.23890795
v 1.02642947 -0.13084799 -0.25551636
v 1.04979126 -0.12931196 -0.25903550
v 1.07075539 -0.12793358 -0.24812119
v 1.08131427 -0.12723934 -0.22694231
v 0.84451987 -0.17296762 0.23642654
v 0.82730476 -0.17415766 0.25260757
v 0.80388912 -0.17577634 0.25555536
v 0.78321692 -0.17720536 0.24414395
v 0.77318425 -0.17789890 0.22273213
v 1.01711680 -0.16103636 -0.23642654
v 1.03433191 -0.15984632 -0.25260757
v 1.05774756 -0.15822764 -0.25555536
v 1.07841975 -0.15679862 -0.24414395
v 1.08845242 -0.15610508 -0.22273213
v 0.84119347 -0.20352354 0.23381623
v 0.82361241 -0.20482544 0.24956103
v 0.80015973 -0.20656214 0.25193667
v 0.77979357 -0.20807028 0.24003571
v 0.77029310 -0.20877380 0.21840392
v 1.02467579 -0.18993646 -0.23381623
v 1.04225685 -0.18863456 -0.24956103
v 1.06570953 -0.18689786 -0.25193667
v 1.08607569 -0.18538973 -0.24003571
v 1.09557616 -0.18468620 -0.21840392
v 0.83813085 -0.23427680 0.23107907
v 0.82019787 -0.23572330 0.24637909
v 0.79672578 -0.23761659 0.24818209
v 0.77668011 -0.23923350 0.23579940
v 0.76771763 -0.23995643 0.21396077
v 1.03230954 -0.21861409 -0.23107907
v 1.05024252 -0.21716759 -0.24637909
v 1.07371461 -0.21527430 -0.24818209
v 1.09376028 -0.21365739 -0.23579940
v 1.10272276 -0.21293446 -0.21396077
v 0.83539428 -0.26526552 0.22821719
v 0.81712470 -0.26689417 0.24306413
v 0.79365195 -0.26898667 0.24429439
v 0.77394183 -0.27074374 0.23143804
v 0.76552293 -0.27149425 0.20940577
v 1.04005965 -0.24702049 -0.22821719
v 1.05832923 -0.24539183 -0.24306413
v 1.08180198 -0.24329934 -0.24429439
v 1.10151210 -0.24154227 -0.23143804
v 1.10993100 -0.24079176 -0.20940577
v 0.83305566 -0.29653981 0.22523278
v 0.81446654 -0.29839499 0.23961864
v 0.79101363 -0.30073558 0.24027636
v 0.77165514 -0.30266755 0.22695471
v 0.76378536 -0.30345295 0.20474211
v 1.04796992 -0.27509146 -0.22523278
v 1.06655904 -0.27323628 -0.23961864
v 1.09001195 -0.27089569 -0.24027636
v 1.10937044 -0.26896372 -0.22695471
v 1.11724022 -0.26817832 -0.20474211
v 0.83120600 -0.32819018 0.22212812
v 0.81231746 -0.33032978 0.23604517
v 0.78890806 -0.33298147 0.23613090
v 0.76991939 -0.33513241 0.22235256
v 0.76260447 -0.33596101 0.19997301
v 1.05608625 -0.30271689 -0.22212812
v 1.07497479 -0.30057729 -0.23604517
v 1.09838419 -0.29792560 -0.23613090
v 1.11737286 -0.29577466 -0.22235256
v 1.12468778 -0.29494606 -0.19997301
v 0.82996416 -0.36025731 0.21890551
v 0.81079940 -0.36274426 0.23234632
v 0.78746015 -0.36577292 0.23186095
v 0.76886123 -0.36818644 0.21763479
v 0.76210679 -0.36906294 0.19510175
v 1.06447896 -0.32982511 -0.21890551
v 1.08364373 -0.32733816 -0.23234632
v 1.10698297 -0.32430951 -0.23186095
v 1.12558189 -0.32189599 -0.21763479
v 1.13233634 -0.32101948 -0.19510175
v 0.82944001 -0.39279211 0.21556735
v 0.81002634 -0.39569611 0.22852478
v 0.78678796 -0.39917222 0.22746953
v 0.76860116 -0.40189269 0.21280467
v 0.76241266 -0.40281840 0.19013168
v 1.07319266 -0.35633038 -0.21556735
v 1.09260633 -0.35342639 -0.22852478
v 1.11584471 -0.34995028 -0.22746953
v 1.13403152 -0.34722980 -0.21280467
v 1.14022001 -0.34630410 -0.19013168
v 0.82982144 -0.42605315 0.21211608
v 0.81019726 -0.42948395 0.22458329
v 0.78710240 -0.43352150 0.22295972
v 0.76935833 -0.43662361 0.20786552
v 0.76374266 -0.43760537 0.18506617
v 1.08225655 -0.38192121 -0.21211608
v 1.10188073 -0.37849042 -0.22458329
v 1.12497558 -0.37445286 -0.22295972
v 1.14271966 -0.37135075 -0.20786552
v 1.14833533 -0.37036900 -0.18506617
v 0.83138057 -0.46010745 0.20855421
v 0.81159479 -0.46418586 0.22052465
v 0.78869659 -0.46890584 0.21833465
v 0.77143230 -0.47246451 0.20282072
v 0.76639629 -0.47350258 0.17990865
v 1.09177946 -0.40643174 -0.20855421
v 1.11156524 -0.40235332 -0.22052465
v 1.13446344 -0.39763334 -0.21833465
v 1.15172774 -0.39407467 -0.20282072
v 1.15676375 -0.39303660 -0.17990865
v 0.83439983 -0.49519051 0.20488429
v 0.81452147 -0.50007345 0.21635173
v 0.79189374 -0.50563176 0.21359753
v 0.77515966 -0.50974234 0.19767369
v 0.77071109 -0.51083510 0.17466259
v 1.10174093 -0.42952048 -0.20488429
v 1.12161930 -0.42463753 -0.21635173
v 1.14424703 -0.41907922 -0.21359753
v 1.16098110 -0.41496864 -0.19767369
v 1.16542968 -0.41387589 -0.17466259
v 0.83945692 -0.53172940 0.20110895
v 0.81959422 -0.53764314 0.21206745
v 0.79735152 -0.54426548 0.20875160
v 0.78122477 -0.54906691 0.19242792
v 0.77737385 -0.55021345 0.16933152
v 1.11213258 -0.45054546 -0.20110895
v 1.13199528 -0.44463172 -0.21206745
v 1.15423798 -0.43800938 -0.20875160
v 1.17036473 -0.43320795 -0.19242792
v 1.17421565 -0.43206141 -0.16933152
v 0.84730340 -0.57003343 0.19723085
v 0.82762113 -0.57725937 0.20767480
v 0.80593513 -0.58522095 0.20380017
v 0.79052871 -0.59087710 0.18708693
v 0.78728660 -0.59206738 0.16391897
v 1.12283792 -0.46887653 -0.19723085
v 1.14252019 -0.46165058 -0.20767480
v 1.16420619 -0.45368901 -0.20380017
v 1.17961261 -0.44803285 -0.18708693
v 1.18285472 -0.44684258 -0.16391897
v 0.85923624 -0.61074242 0.19325271
v 0.84001368 -0.61967454 0.20317680
v 0.81917228 -0.62935888 0.19874660
v 0.80467275 -0.63609636 0.18165429
v 0.80205341 -0.63731348 0.15842856
v 1.13340322 -0.48334567 -0.19325271
v 1.15262578 -0.47441355 -0.20317680
v 1.17346718 -0.46472921 -0.19874660
v 1.18796671 -0.45799173 -0.18165429
v 1.19058605 -0.45677461 -0.15842856
v 0.87747717 -0.65444755 0.18917730
v 0.85920223 -0.66560790 0.19857654
v 0.83970246 -0.67751624 0.19359430
v 0.82642610 -0.68562400 0.17613362
v 0.82444428 -0.68683428 0.15286389
v 1.14282127 -0.49240416 -0.18917730
v 1.16109622 -0.48124381 -0.19857654
v 1.18059599 -0.46933546 -0.19359430
v 1.19387235 -0.46122771 -0.17613362
v 1.19585417 -0.46001743 -0.15286389
v 0.90550362 -0.70097668 0.18500745
v 0.88901191 -0.71495239 0.19387716
v 0.87169244 -0.72962957 0.18834673
v 0.86016068 -0.73940202 0.17052857
v 0.85882136 -0.74053702 0.14722864
v 1.14908665 -0.49455513 -0.18500745
v 1.16557836 -0.48057942 -0.19387716
v 1.18289783 -0.46590224 -0.18834673
v 1.19442959 -0.45612978 -0.17052857
v 1.19576891 -0.45499479 -0.14722864
v 0.94764471 -0.74763576 0.18074600
v 0.93421378 -0.76481686 0.18908184
v 0.92033032 -0.78257683 0.18300738
v 0.91129735 -0.79413198 0.16484285
v 0.91056515 -0.79506862 0.14152649
v 1.14930570 -0.48966733 -0.18074600
v 1.16273663 -0.47248624 -0.18908184
v 1.17662009 -0.45472627 -0.18300738
v 1.18565306 -0.44317112 -0.16484285
v 1.18638526 -0.44223448 -0.14152649
v 1.00489428 -0.78700097 0.17639588
v 0.99585552 -0.80704235 0.18419381
v 0.98665860 -0.82743439 0.17757980
v 0.98081644 -0.84038804 0.15908017
v 0.98056055 -0.84095542 0.13576115
v 1.14277132 -0.48129038 -0.17639588
v 1.15181009 -0.46124900 -0.18419381
v 1.16100701 -0.44085695 -0.17757980
v 1.16684917 -0.42790331 -0.15908017
v 1.16710506 -0.42733592 -0.13576115
v 1.06236860 -0.80973491 0.17196002
v 1.05721864 -0.83127757 0.17921634
v 1.05206057 -0.85285422 0.17206757
v 1.04886457 -0.86622332 0.15324430
v 1.04885143 -0.86627831 0.12993638
v 1.14213292 -0.47607429 -0.17196002
v 1.14728287 -0.45453163 -0.17921634
v 1.15244095 -0.43295497 -0.17206757
v 1.15563694 -0.41958588 -0.15324430
v 1.15565009 -0.41953089 -0.12993638
v 1.11036505 -0.82192941 0.16744142
v 1.10766181 -0.84406564 0.17415275
v 1.10499667 -0.86588996 0.16647433
v 1.10338761 -0.87906621 0.14733904
v 1.10344924 -0.87856153 0.12405593
v 1.15285521 -0.47398623 -0.16744142
v 1.15555845 -0.45185000 -0.17415275
v 1.15822359 -0.43002568 -0.16647433
v 1.15983265 -0.41684943 -0.14733904
v 1.15977102 -0.41735411 -0.12405593
v 1.15772065 -0.82896066 0.16284310
v 1.15726908 -0.85139439 0.16900639
v 1.15683085 -0.87316561 0.16080371
v 1.15657334 -0.88595846 0.14136821
v 1.15659492 -0.88488651 0.11812359
v 1.16492053 -0.47127553 -0.16284310
v 1.16537210 -0.44884180 -0.16900639
v 1.16581034 -0.42707058 -0.16080371
v 1.16606785 -0.41427773 -0.14136821
v 1.16604627 -0.41534969 -0.11812359
v 1.20698816 -0.83083506 0.15816813
v 1.20895460 -0.85331162 0.16378065
v 1.21083300 -0.87478194 0.15505943
v 1.21190588 -0.88704510 0.13533566
v 1.21176344 -0.88541697 0.11214316
v 1.17519846 -0.46747526 -0.15816813
v 1.17323203 -0.44499870 -0.16378065
v 1.17135363 -0.42352838 -0.15505943
v 1.17028075 -0.41126523 -0.13533566
v 1.17042319 -0.41289335 -0.11214316
v 1.25657771 -0.82715981 0.15341959
v 1.26097164 -0.84940302 0.15847896
v 1.26510271 -0.87031561 0.14924519
v 1.26739300 -0.88190966 0.12924526
v 1.26696770 -0.87975665 0.10611848
v 1.18458375 -0.46270726 -0.15341959
v 1.18018982 -0.44046404 -0.15847896
v 1.17605875 -0.41955146 -0.14924519
v 1.17376846 -0.40795740 -0.12924526
v 1.17419377 -0.41011041 -0.10611848
v 1.30495114 -0.81829420 0.14860063
v 1.31163663 -0.84006078 0.15310477
v 1.31782261 -0.86020110 0.14336475
v 1.32114627 -0.87102224 0.12310091
v 1.32033806 -0.86839089 0.10005336
v 1.19396833 -0.45695671 -0.14860063
v 1.18728285 -0.43519013 -0.15310477
v 1.18109686 -0.41504982 -0.14336475
v 1.17777321 -0.40422868 -0.12310091
v 1.17858141 -0.40686002 -0.10005336
v 1.35086477 -0.80501361 0.14371439
v 1.35959585 -0.82613369 0.14766158
v 1.36754583 -0.84536431 0.13742189
v 1.37167808 -0.85536001 0.11690652
v 1.37041421 -0.85230279 0.09395165
v 1.20406436 -0.44991034 -0.14371439
v 1.19533327 -0.42879026 -0.14766158
v 1.18738330 -0.40955965 -0.13742189
v 1.18325105 -0.39956394 -0.11690652
v 1.18451491 -0.40262116 -0.09395165
v 1.39337001 -0.78858293 0.13876406
v 1.40381365 -0.80898930 0.14215290
v 1.41317022 -0.82727158 0.13142041
v 1.41786582 -0.83644657 0.11066602
v 1.41610690 -0.83300973 0.08781721
v 1.21557639 -0.44118263 -0.13876406
v 1.20513275 -0.42077626 -0.14215290
v 1.19577619 -0.40249398 -0.13142041
v 1.19108058 -0.39331899 -0.11066602
v 1.19283950 -0.39675583 -0.08781721
v 1.43240284 -0.77008227 0.13375285
v 1.44423238 -0.78978341 0.13658228
v 1.45465880 -0.80714777 0.12536413
v 1.45969957 -0.81554277 0.10438335
v 1.45742929 -0.81176179 0.08165389
v 1.22854938 -0.43058085 -0.13375285
v 1.21671984 -0.41087971 -0.13658228
v 1.20629342 -0.39351535 -0.12536413
v 1.20125265 -0.38512035 -0.10438335
v 1.20352293 -0.38890133 -0.08165389
v 1.46797873 -0.75052386 0.12868399
v 1.48087326 -0.76959649 0.13095327
v 1.49205222 -0.78613158 0.11925689
v 1.49724563 -0.79381329 0.09806246
v 1.49446979 -0.78970746 0.07546555
v 1.24310792 -0.41791163 -0.12868399
v 1.23021339 -0.39883900 -0.13095327
v 1.21903443 -0.38230391 -0.11925689
v 1.21384102 -0.37462221 -0.09806246
v 1.21661687 -0.37872804 -0.07546555
v 1.50040662 -0.73072823 0.12356075
v 1.51407311 -0.74929156 0.12526948
v 1.52572499 -0.76511842 0.11310255
v 1.53091163 -0.77216349 0.09170733
v 1.52765192 -0.76773579 0.06925606
v 1.25926995 -0.40318983 -0.12356075
v 1.24560346 -0.38462650 -0.12526948
v 1.23395158 -0.36879964 -0.11310255
v 1.22876494 -0.36175457 -0.09170733
v 1.23202465 -0.36618227 -0.06925606
v 1.53011171 -0.71122236 0.11838640
v 1.54429534 -0.72941309 0.11953450
v 1.55618510 -0.74466189 0.10690499
v 1.56123949 -0.75114423 0.08532192
v 1.55752792 -0.74638407 0.06302928
v 1.27695840 -0.38654927 -0.11838640
v 1.26277476 -0.36835853 -0.11953450
v 1.25088500 -0.35310974 -0.10690499
v 1.24583061 -0.34662740 -0.08532192
v 1.24954219 -0.35138755 -0.06302928
v 1.55739954 -0.69249763 0.11316422
v 1.57186492 -0.71046736 0.11375196
v 1.58378429 -0.72527429 0.10066808
v 1.58860485 -0.73126267 0.07891019
v 1.58448531 -0.72614514 0.05678906
v 1.29628234 -0.36812284 -0.11316422
v 1.28181696 -0.35015310 -0.11375196
v 1.26989759 -0.33534618 -0.10066808
v 1.26507703 -0.32935780 -0.07891019
v 1.26919657 -0.33447533 -0.05678906
v 1.58254939 -0.67492005 0.10789753
v 1.59707639 -0.69282475 0.10792550
v 1.60883934 -0.70732271 0.09439573
v 1.61334519 -0.71287622 0.07247614
v 1.60887286 -0.70736402 0.05053927
v 1.31738262 -0.34809903 -0.10789753
v 1.30285562 -0.33019434 -0.10792550
v 1.29109267 -0.31569637 -0.09439573
v 1.28658682 -0.31014286 -0.07247614
v 1.29105916 -0.31565506 -0.05053927
v 1.60572208 -0.65884150 0.10258965
v 1.62009139 -0.67684047 0.10205877
v 1.63152172 -0.69115807 0.08809183
v 1.63564707 -0.69632548 0.06602373
v 1.63089170 -0.69036891 0.04428373
v 1.34053459 -0.32666826 -0.10258965
v 1.32616528 -0.30866929 -0.10205877
v 1.31473495 -0.29435169 -0.08809183
v 1.31060960 -0.28918428 -0.06602373
v 1.31536497 -0.29514085 -0.04428373
v 1.62695380 -0.64460403 0.09724391
v 1.64093341 -0.66285826 0.09615543
v 1.65185415 -0.67711830 0.08176028
v 1.65554466 -0.68193729 0.05955693
v 1.65059531 -0.67547454 0.03802630
v 1.36614024 -0.30404000 -0.09724391
v 1.35216063 -0.28578577 -0.09615543
v 1.34123989 -0.27152573 -0.08176028
v 1.33754937 -0.26670674 -0.05955693
v 1.34249873 -0.27316949 -0.03802630
v 1.64619594 -0.63251355 0.09186365
v 1.65953219 -0.65117855 0.09021915
v 1.66975950 -0.66549236 0.07540500
v 1.67297137 -0.66998760 0.05307970
v 1.66794099 -0.66294724 0.03177077
v 1.39469588 -0.28052193 -0.09186365
v 1.38135963 -0.26185694 -0.09021915
v 1.37113233 -0.24754312 -0.07540500
v 1.36792046 -0.24304788 -0.05307970
v 1.37295084 -0.25008825 -0.03177077
v 1.66321375 -0.62285765 0.08645223
v 1.67561444 -0.64207853 0.08425360
v 1.68494620 -0.65654262 0.06902988
v 1.68764462 -0.66072513 0.04659601
v 1.68267899 -0.65302849 0.02552097
v 1.42685163 -0.25649978 -0.08645223
v 1.41445095 -0.23727890 -0.08425360
v 1.40511919 -0.22281481 -0.06902988
v 1.40242077 -0.21863230 -0.04659601
v 1.40738640 -0.22632895 -0.02552097
v 1.67765181 -0.61584820 0.08101298
v 1.68877615 -0.63574416 0.07826246
v 1.69698694 -0.65042920 0.06263884
v 1.69914793 -0.65429415 0.04010980
v 1.69443371 -0.64586273 0.01928067
v 1.46336295 -0.23259124 -0.08101298
v 1.45223861 -0.21269528 -0.07826246
v 1.44402782 -0.19801023 -0.06263884
v 1.44186683 -0.19414528 -0.04010980
v 1.44658106 -0.20257671 -0.01928067
v 1.68922478 -0.61142221 0.07554928
v 1.69869844 -0.63205322 0.07224942
v 1.70555340 -0.64698141 0.05623577
v 1.70717128 -0.65050471 0.03362499
v 1.70293412 -0.64127734 0.01305365
v 1.50480458 -0.20980629 -0.07554928
v 1.49533092 -0.18917527 -0.07224942
v 1.48847596 -0.17424709 -0.05623577
v 1.48685808 -0.17072379 -0.03362499
v 1.49109524 -0.17995116 -0.01305365
v 1.69774847 -0.60924837 0.07006447
v 1.70518497 -0.63058603 0.06621814
v 1.71045719 -0.64571368 0.04982456
v 1.71155132 -0.64885308 0.02714552
v 1.70804943 -0.63880507 0.00684364
v 1.55146245 -0.18950789 -0.07006447
v 1.54402595 -0.16817023 -0.06621814
v 1.53875373 -0.15304257 -0.04982456
v 1.53765960 -0.14990318 -0.02714552
v 1.54116149 -0.15995118 -0.00684364
v 1.70345646 -0.60870505 0.06456192
v 1.70851309 -0.63060637 0.06017230
v 1.71202355 -0.64581089 0.04340909
v 1.71264695 -0.64851101 0.02067526
v 1.71014520 -0.63767537 0.00065437
v 1.60294312 -0.17336069 -0.06456192
v 1.59788649 -0.15145937 -0.06017230
v 1.59437603 -0.13625485 -0.04340909
v 1.59375262 -0.13355473 -0.02067526
v 1.59625438 -0.14439038 -0.00065437
v 1.70704189 -0.60906883 0.05904496
v 1.70947996 -0.63128094 0.05411556
v 1.71113627 -0.64637079 0.03699323
v 1.71137816 -0.64857456 0.01421811
v 1.71011324 -0.63705049 -0.00551047
v 1.65807195 -0.16292749 -0.05904496
v 1.65563388 -0.14071537 -0.05411556
v 1.65397757 -0.12562553 -0.03699323
v 1.65373567 -0.12342176 -0.01421811
v 1.65500059 -0.13494583 0.00551047
v 1.71015623 -0.60982129 0.05351696
v 1.70994435 -0.63202087 0.04805160
v 1.70980359 -0.64676840 0.03058084
v 1.70978772 -0.64843082 0.00777792
v 1.70990281 -0.63637314 -0.01164721
v 1.71445652 -0.15926899 -0.05351696
v 1.71466841 -0.13706941 -0.04805160
v 1.71480916 -0.12232187 -0.03058084
v 1.71482503 -0.12065946 -0.00777792
v 1.71470995 -0.13271714 0.01164721
v 1.71420678 -0.61087400 0.04798125
v 1.71149394 -0.63274927 0.04198405
v 1.70973303 -0.64694846 0.02417575
v 1.70959668 -0.64804798 0.00135852
v 1.71113695 -0.63562783 -0.01775223
v 1.76984166 -0.16225749 -0.04798125
v 1.77255450 -0.14038222 -0.04198405
v 1.77431541 -0.12618302 -0.02417575
v 1.77445176 -0.12508351 -0.00135852
v 1.77291149 -0.13750366 0.01775223
v 1.72017897 -0.61264709 0.04244116
v 1.71524149 -0.63395487 0.03591655
v 1.71211272 -0.64745715 0.01778178
v 1.71198773 -0.64799652 -0.00503629
v 1.71491428 -0.63536696 -0.02382193
v 1.82249859 -0.17108492 -0.04244116
v 1.82743607 -0.14977714 -0.03591655
v 1.83056485 -0.13627485 -0.01778178
v 1.83068983 -0.13573548 0.00503629
v 1.82776328 -0.14836505 0.02382193
v 1.73799799 -0.61847233 0.03690000
v 1.73207646 -0.63933762 0.02985273
v 1.72841676 -0.65223308 0.01140273
v 1.72841676 -0.65223308 -0.01140273
v 1.73207646 -0.63933762 -0.02985273
v 1.86200201 -0.18152767 -0.03690000
v 1.86792354 -0.16066238 -0.02985273
v 1.87158324 -0.14776692 -0.01140273
v 1.87158324 -0.14776692 0.01140273
v 1.86792354 -0.16066238 0.02985273
v 1.75221878 -0.62208434 0.03690000
v 1.74629725 -0.64294963 0.02985273
v 1.74263754 -0.65584508 0.01140273
v 1.74263754 -0.65584508 -0.01140273
v 1.74629725 -0.64294963 -0.02985273
v 1.87600017 -0.18592414 -0.03690000
v 1.88192169 -0.16505885 -0.02985273
v 1.88558140 -0.15216339 -0.01140273
v 1.88558140 -0.15216339 0.01140273
v 1.88192169 -0.16505885 0.02985273
v 1.76666323 -0.62490823 0.03690000
v 1.76074170 -0.64577351 0.02985273
v 1.75708200 -0.65866897 0.01140273
v 1.75708200 -0.65866897 -0.01140273
v 1.76074170 -0.64577351 -0.02985273
v 1.88977466 -0.19110873 -0.03690000
v 1.89569618 -0.17024345 -0.02985273
v 1.89935589 -0.15734799 -0.01140273
v 1.89935589 -0.15734799 0.01140273
v 1.89569618 -0.17024345 0.02985273
v 1.78133451 -0.62693284 0.03690000
v 1.77541299 -0.64779813 0.02985273
v 1.77175328 -0.66069359 0.01140273
v 1.77175328 -0.66069359 -0.01140273
v 1.77541299 -0.64779813 -0.02985273
v 1.90332231 -0.19709259 -0.03690000
v 1.90924384 -0.17622731 -0.02985273
v 1.91290355 -0.16333185 -0.01140273
v 1.91290355 -0.16333185 0.01140273
v 1.90924384 -0.17622731 0.02985273
v 1.79623807 -0.62813903 0.03690000
v 1.79031654 -0.64900431 0.02985273
v 1.78665684 -0.66189977 0.01140273
v 1.78665684 -0.66189977 -0.01140273
v 1.79031654 -0.64900431 -0.02985273
v 1.91663770 -0.20389489 -0.03690000
v 1.92255923 -0.18302960 -0.02985273
v 1.92621893 -0.17013415 -0.01140273
v 1.92621893 -0.17013415 0.01140273
v 1.92255923 -0.18302960 0.02985273
v 1.81138188 -0.62849862 0.03690000
v 1.80546036 -0.64936390 0.02985273
v 1.80180065 -0.66225936 0.01140273
v 1.80180065 -0.66225936 -0.01140273
v 1.80546036 -0.64936390 -0.02985273
v 1.92971283 -0.21154378 -0.03690000
v 1.93563436 -0.19067849 -0.02985273
v 1.93929406 -0.17778304 -0.01140273
v 1.93929406 -0.17778304 0.01140273
v 1.93563436 -0.19067849 0.02985273
v 1.82677693 -0.62797296 0.03690000
v 1.82085540 -0.64883824 0.02985273
v 1.81719570 -0.66173370 0.01140273
v 1.81719570 -0.66173370 -0.01140273
v 1.82085540 -0.64883824 -0.02985273
v 1.94253672 -0.22007792 -0.03690000
v 1.94845825 -0.19921263 -0.02985273
v 1.95211796 -0.18631718 -0.01140273
v 1.95211796 -0.18631718 0.01140273
v 1.94845825 -0.19921263 0.02985273
v 1.84243780 -0.62651064 0.03690000
v 1.83651627 -0.64737593 0.02985273
v 1.83285657 -0.66027138 0.01140273
v 1.83285657 -0.66027138 -0.01140273
v 1.83651627 -0.64737593 -0.02985273
v 1.95509480 -0.22954872 -0.03690000
v 1.96101632 -0.20868343 -0.02985273
v 1.96467603 -0.19578797 -0.01140273
v 1.96467603 -0.19578797 0.01140273
v 1.96101632 -0.20868343 0.02985273
v 1.85838365 -0.62404416 0.03690000
v 1.85246212 -0.64490944 0.02985273
v 1.84880242 -0.65780490 0.01140273
v 1.84880242 -0.65780490 -0.01140273
v 1.85246212 -0.64490944 -0.02985273
v 1.96736789 -0.24002368 -0.03690000
v 1.97328942 -0.21915839 -0.02985273
v 1.97694912 -0.20626293 -0.01140273
v 1.97694912 -0.20626293 0.01140273
v 1.97328942 -0.21915839 0.02985273
v 1.87463962 -0.62048490 0.03690000
v 1.86871810 -0.64135019 0.02985273
v 1.86505839 -0.65424564 0.01140273
v 1.86505839 -0.65424564 -0.01140273
v 1.86871810 -0.64135019 -0.02985273
v 1.97933086 -0.25159142 -0.03690000
v 1.98525238 -0.23072613 -0.02985273
v 1.98891209 -0.21783067 -0.01140273
v 1.98891209 -0.21783067 0.01140273
v 1.98525238 -0.23072613 0.02985273
v 1.89123904 -0.61571548 0.03690000
v 1.88531752 -0.63658076 0.02985273
v 1.88165781 -0.64947622 0.01140273
v 1.88165781 -0.64947622 -0.01140273
v 1.88531752 -0.63658076 -0.02985273
v 1.99095038 -0.26436932 -0.03690000
v 1.99687191 -0.24350403 -0.02985273
v 2.00053161 -0.23060857 -0.01140273
v 2.00053161 -0.23060857 0.01140273
v 1.99687191 -0.24350403 0.02985273
v 1.90822685 -0.60957751 0.03690000
v 1.90230533 -0.63044280 0.02985273
v 1.89864562 -0.64333825 0.01140273
v 1.89864562 -0.64333825 -0.01140273
v 1.90230533 -0.63044280 -0.02985273
v 2.00218151 -0.27851576 -0.03690000
v 2.00810304 -0.25765048 -0.02985273
v 2.01176274 -0.24475502 -0.01140273
v 2.01176274 -0.24475502 0.01140273
v 2.00810304 -0.25765048 0.02985273
v 1.92566544 -0.60185115 0.03690000
v 1.91974392 -0.62271644 0.02985273
v 1.91608421 -0.63561189 0.01140273
v 1.91608421 -0.63561189 -0.01140273
v 1.91974392 -0.62271644 -0.02985273
v 2.01296186 -0.29425060 -0.03690000
v 2.01888339 -0.27338532 -0.02985273
v 2.02254309 -0.26048986 -0.01140273
v 2.02254309 -0.26048986 0.01140273
v 2.01888339 -0.27338532 0.02985273
v 1.94364505 -0.59221847 0.03690000
v 1.93772352 -0.61308375 0.02985273
v 1.93406382 -0.62597921 0.01140273
v 1.93406382 -0.62597921 -0.01140273
v 1.93772352 -0.61308375 -0.02985273
v 2.02320120 -0.31189176 -0.03690000
v 2.02912273 -0.29102648 -0.02985273
v 2.03278243 -0.27813102 -0.01140273
v 2.03278243 -0.27813102 0.01140273
v 2.02912273 -0.29102648 0.02985273
v 1.96230410 -0.58019165 0.03690000
v 1.95638257 -0.60105694 0.02985273
v 1.95272287 -0.61395240 0.01140273
v 1.95272287 -0.61395240 -0.01140273
v 1.95638257 -0.60105694 -0.02985273
v 2.03276109 -0.33192706 -0.03690000
v 2.03868262 -0.31106177 -0.02985273
v 2.04234232 -0.29816631 -0.01140273
v 2.04234232 -0.29816631 0.01140273
v 2.03868262 -0.31106177 0.02985273
v 1.98187469 -0.56495291 0.03690000
v 1.97595316 -0.58581820 0.02985273
v 1.97229346 -0.59871366 0.01140273
v 1.97229346 -0.59871366 -0.01140273
v 1.97595316 -0.58581820 -0.02985273
v 2.04140945 -0.35517428 -0.03690000
v 2.04733097 -0.33430899 -0.02985273
v 2.05099068 -0.32141353 -0.01140273
v 2.05099068 -0.32141353 0.01140273
v 2.04733097 -0.33430899 0.02985273
v 2.00280604 -0.54491937 0.03690000
v 1.99688451 -0.56578465 0.02985273
v 1.99322480 -0.57868011 0.01140273
v 1.99322480 -0.57868011 -0.01140273
v 1.99688451 -0.56578465 -0.02985273
v 2.04869704 -0.38321630 -0.03690000
v 2.05461857 -0.36235101 -0.02985273
v 2.05827827 -0.34945556 -0.01140273
v 2.05827827 -0.34945556 0.01140273
v 2.05461857 -0.36235101 0.02985273
v 2.02624591 -0.51604668 0.03690000
v 2.02032438 -0.53691197 0.02985273
v 2.01666468 -0.54980743 0.01140273
v 2.01666468 -0.54980743 -0.01140273
v 2.02032438 -0.53691197 -0.02985273
v 2.05347611 -0.42009746 -0.03690000
v 2.05939763 -0.39923218 -0.02985273
v 2.06305734 -0.38633672 -0.01140273
v 2.06305734 -0.38633672 0.01140273
v 2.05939763 -0.39923218 0.02985273
v 2.05397048 -0.47207631 0.03690000
v 2.04804895 -0.49294160 0.02985273
v 2.04438925 -0.50583706 0.01140273
v 2.04438925 -0.50583706 -0.01140273
v 2.04804895 -0.49294160 -0.02985273
v 2.05397048 -0.47207631 -0.03690000
v 2.05989201 -0.45121103 -0.02985273
v 2.06355171 -0.43831557 -0.01140273
v 2.06355171 -0.43831557 0.01140273
v 2.05989201 -0.45121103 0.02985273
v -1.86931020 -0.99985713 -0.00000000
v 2.05397048 -0.47207631 -0.00000000
usemtl ivory
f 1 11 12
f 1 12 2
f 10 20 11
f 10 11 1
f 11 21 22
f 11 22 12
f 20 30 21
f 20 21 11
f 21 31 32
f 21 32 22
f 30 40 31
f 30 31 21
f 31 41 42
f 31 42 32
f 40 50 41
f 40 41 31
f 41 51 52
f 41 52 42
f 50 60 51
f 50 51 41
f 51 61 62
f 51 62 52
f 60 70 61
f 60 61 51
f 61 71 72
f 61 72 62
f 70 80 71
f 70 71 61
f 71 81 82
f 71 82 72
f 80 90 81
f 80 81 71
f 81 91 92
f 81 92 82
f 90 100 91
f 90 91 81
f 91 101 102
f 91 102 92
f 100 110 101
f 100 101 91
f 101 111 112
f 101 112 102
f 110 120 111
f 110 111 101
f 111 121 122
f 111 122 112
f 120 130 121
f 120 121 111
f 121 131 132
f 121 132 122
f 130 140 131
f 130 131 121
f 131 141 142
f 131 142 132
f 140 150 141
f 140 141 131
f 141 151 152
f 141 152 142
f 150 160 151
f 150 151 141
f 151 161 162
f 151 162 152
f 160 170 161
f 160 161 151
f 161 171 172
f 161 172 162
f 170 180 171
f 170 171 161
f 171 181 182
f 171 182 172
f 180 190 181
f 180 181 171
f 181 191 192
f 181 192 182
f 190 200 191
f 190 191 181
f 191 201 202
f 191 202 192
f 200 210 201
f 200 201 191
f 201 211 212
f 201 212 202
f 210 220 211
f 210 211 201
f 211 221 222
f 211 222 212
f 220 230 221
f 220 221 211
f 221 231 232
f 221 232 222
f 230 240 231
f 230 231 221
f 231 241 242
f 231 242 232
f 240 250 241
f 240 241 231
f 241 251 252
f 241 252 242
f 250 260 251
f 250 251 241
f 251 261 262
f 251 262 252
f 260 270 261
f 260 261 251
f 261 271 272
f 261 272 262
f 270 280 271
f 270 271 261
f 271 281 282
f 271 282 272
f 280 290 281
f 280 281 271
f 281 291 292
f 281 292 282
f 290 300 291
f 290 291 281
f 291 301 302
f 291 302 292
f 300 310 301
f 300 301 291
f 301 311 312
f 301 312 302
f 310 320 311
f 310 311 301
f 311 321 322
f 311 322 312
f 320 330 321
f 320 321 311
f 321 331 332
f 321 332 322
f 330 340 331
f 330 331 321
f 331 341 342
f 331 342 332
f 340 350 341
f 340 341 331
f 341 351 352
f 341 352 342
f 350 360 351
f 350 351 341
f 351 361 362
f 351 362 352
f 360 370 361
f 360 361 351
f 361 371 372
f 361 372 362
f 370 380 371
f 370 371 361
f 371 381 382
f 371 382 372
f 380 390 381
f 380 381 371
f 381 391 392
f 381 392 382
f 390 400 391
f 390 391 381
f 391 401 402
f 391 402 392
f 400 410 401
f 400 401 391
f 401 411 412
f 401 412 402
f 410 420 411
f 410 411 401
f 411 421 422
f 411 422 412
f 420 430 421
f 420 421 411
f 421 431 432
f 421 432 422
f 430 440 431
f 430 431 421
f 431 441 442
f 431 442 432
f 440 450 441
f 440 441 431
f 441 451 452
f 441 452 442
f 450 460 451
f 450 451 441
f 451 461 462
f 451 462 452
f 460 470 461
f 460 461 451
f 461 471 472
f 461 472 462
f 470 480 471
f 470 471 461
f 471 481 482
f 471 482 472
f 480 490 481
f 480 481 471
f 481 491 492
f 481 492 482
f 490 500 491
f 490 491 481
f 491 501 502
f 491 502 492
f 500 510 501
f 500 501 491
f 501 511 512
f 501 512 502
f 510 520 511
f 510 511 501
f 511 521 522
f 511 522 512
f 520 530 521
f 520 521 511
f 521 531 532
f 521 532 522
f 530 540 531
f 530 531 521
f 531 541 542
f 531 542 532
f 540 550 541
f 540 541 531
f 541 551 552
f 541 552 542
f 550 560 551
f 550 551 541
f 551 561 562
f 551 562 552
f 560 570 561
f 560 561 551
f 561 571 572
f 561 572 562
f 570 580 571
f 570 571 561
f 571 581 582
f 571 582 572
f 580 590 581
f 580 581 571
f 581 591 592
f 581 592 582
f 590 600 591
f 590 591 581
f 591 601 602
f 591 602 592
f 600 610 601
f 600 601 591
f 601 611 612
f 601 612 602
f 610 620 611
f 610 611 601
f 611 621 622
f 611 622 612
f 620 630 621
f 620 621 611
f 621 631 632
f 621 632 622
f 630 640 631
f 630 631 621
f 631 641 642
f 631 642 632
f 640 650 641
f 640 641 631
f 641 651 652
f 641 652 642
f 650 660 651
f 650 651 641
f 651 661 662
f 651 662 652
f 660 670 661
f 660 661 651
f 661 671 672
f 661 672 662
f 670 680 671
f 670 671 661
f 671 681 682
f 671 682 672
f 680 690 681
f 680 681 671
f 681 691 692
f 681 692 682
f 690 700 691
f 690 691 681
f 691 701 702
f 691 702 692
f 700 710 701
f 700 701 691
f 701 711 712
f 701 712 702
f 710 720 711
f 710 711 701
f 711 721 722
f 711 722 712
f 720 730 721
f 720 721 711
f 721 731 732
f 721 732 722
f 730 740 731
f 730 731 721
f 731 741 742
f 731 742 732
f 740 750 741
f 740 741 731
f 741 751 752
f 741 752 742
f 750 760 751
f 750 751 741
f 751 761 762
f 751 762 752
f 760 770 761
f 760 761 751
f 761 771 772
f 761 772 762
f 770 780 771
f 770 771 761
f 771 781 782
f 771 782 772
f 780 790 781
f 780 781 771
f 781 791 792
f 781 792 782
f 790 800 791
f 790 791 781
f 791 801 802
f 791 802 792
f 800 810 801
f 800 801 791
f 801 811 812
f 801 812 802
f 810 820 811
f 810 811 801
f 811 821 822
f 811 822 812
f 820 830 821
f 820 821 811
f 821 831 832
f 821 832 822
f 830 840 831
f 830 831 821
f 831 841 842
f 831 842 832
f 840 850 841
f 840 841 831
f 841 851 852
f 841 852 842
f 850 860 851
f 850 851 841
f 851 861 862
f 851 862 852
f 860 870 861
f 860 861 851
f 861 871 872
f 861 872 862
f 870 880 871
f 870 871 861
f 871 881 882
f 871 882 872
f 880 890 881
f 880 881 871
f 881 891 892
f 881 892 882
f 890 900 891
f 890 891 881
f 891 901 902
f 891 902 892
f 900 910 901
f 900 901 891
f 901 911 912
f 901 912 902
f 910 920 911
f 910 911 901
f 911 921 922
f 911 922 912
f 920 930 921
f 920 921 911
f 921 931 932
f 921 932 922
f 930 940 931
f 930 931 921
f 931 941 942
f 931 942 932
f 940 950 941
f 940 941 931
f 941 951 952
f 941 952 942
f 950 960 951
f 950 951 941
f 951 961 962
f 951 962 952
f 960 970 961
f 960 961 951
f 961 971 972
f 961 972 962
f 970 980 971
f 970 971 961
f 971 981 982
f 971 982 972
f 980 990 981
f 980 981 971
f 981 991 992
f 981 992 982
f 990 1000 991
f 990 991 981
f 991 1001 1002
f 991 1002 992
f 1000 1010 1001
f 1000 1001 991
f 1001 1011 1012
f 1001 1012 1002
f 1010 1020 1011
f 1010 1011 1001
f 1011 1021 1022
f 1011 1022 1012
f 1020 1030 1021
f 1020 1021 1011
f 1021 1031 1032
f 1021 1032 1022
f 1030 1040 1031
f 1030 1031 1021
f 1031 1041 1042
f 1031 1042 1032
f 1040 1050 1041
f 1040 1041 1031
f 1041 1051 1052
f 1041 1052 1042
f 1050 1060 1051
f 1050 1051 1041
f 1051 1061 1062
f 1051 1062 1052
f 1060 1070 1061
f 1060 1061 1051
f 1061 1071 1072
f 1061 1072 1062
f 1070 1080 1071
f 1070 1071 1061
f 1071 1081 1082
f 1071 1082 1072
f 1080 1090 1081
f 1080 1081 1071
f 1081 1091 1092
f 1081 1092 1082
f 1090 1100 1091
f 1090 1091 1081
f 1091 1101 1102
f 1091 1102 1092
f 1100 1110 1101
f 1100 1101 1091
f 1101 1111 1112
f 1101 1112 1102
f 1110 1120 1111
f 1110 1111 1101
f 1111 1121 1122
f 1111 1122 1112
f 1120 1130 1121
f 1120 1121 1111
f 1121 1131 1132
f 1121 1132 1122
f 1130 1140 1131
f 1130 1131 1121
f 1131 1141 1142
f 1131 1142 1132
f 1140 1150 1141
f 1140 1141 1131
f 1141 1151 1152
f 1141 1152 1142
f 1150 1160 1151
f 1150 1151 1141
f 1151 1161 1162
f 1151 1162 1152
f 1160 1170 1161
f 1160 1161 1151
f 1161 1171 1172
f 1161 1172 1162
f 1170 1180 1171
f 1170 1171 1161
f 1171 1181 1182
f 1171 1182 1172
f 1180 1190 1181
f 1180 1181 1171
f 1181 1191 1192
f 1181 1192 1182
f 1190 1200 1191
f 1190 1191 1181
f 1191 1201 1202
f 1191 1202 1192
f 1200 1210 1201
f 1200 1201 1191
f 1201 1211 1212
f 1201 1212 1202
f 1210 1220 1211
f 1210 1211 1201
f 1211 1221 1222
f 1211 1222 1212
f 1220 1230 1221
f 1220 1221 1211
f 1221 1231 1232
f 1221 1232 1222
f 1230 1240 1231
f 1230 1231 1221
f 1231 1241 1242
f 1231 1242 1232
f 1240 1250 1241
f 1240 1241 1231
f 1241 1251 1252
f 1241 1252 1242
f 1250 1260 1251
f 1250 1251 1241
f 1251 1261 1262
f 1251 1262 1252
f 1260 1270 1261
f 1260 1261 1251
f 1261 1271 1272
f 1261 1272 1262
f 1270 1280 1271
f 1270 1271 1261
f 1271 1281 1282
f 1271 1282 1272
f 1280 1290 1281
f 1280 1281 1271
f 1281 1291 1292
f 1281 1292 1282
f 1290 1300 1291
f 1290 1291 1281
f 1291 1301 1302
f 1291 1302 1292
f 1300 1310 1301
f 1300 1301 1291
f 1301 1311 1312
f 1301 1312 1302
f 1310 1320 1311
f 1310 1311 1301
f 1311 1321 1322
f 1311 1322 1312
f 1320 1330 1321
f 1320 1321 1311
f 1321 1331 1332
f 1321 1332 1322
f 1330 1340 1331
f 1330 1331 1321
f 1331 1341 1342
f 1331 1342 1332
f 1340 1350 1341
f 1340 1341 1331
f 1341 1351 1352
f 1341 1352 1342
f 1350 1360 1351
f 1350 1351 1341
f 1351 1361 1362
f 1351 1362 1352
f 1360 1370 1361
f 1360 1361 1351
f 1361 1371 1372
f 1361 1372 1362
f 1370 1380 1371
f 1370 1371 1361
f 1371 1381 1382
f 1371 1382 1372
f 1380 1390 1381
f 1380 1381 1371
f 1381 1391 1392
f 1381 1392 1382
f 1390 1400 1391
f 1390 1391 1381
f 1391 1401 1402
f 1391 1402 1392
f 1400 1410 1401
f 1400 1401 1391
f 1401 1411 1412
f 1401 1412 1402
f 1410 1420 1411
f 1410 1411 1401
f 1411 1421 1422
f 1411 1422 1412
f 1420 1430 1421
f 1420 1421 1411
f 1421 1431 1432
f 1421 1432 1422
f 1430 1440 1431
f 1430 1431 1421
f 1431 1441 1442
f 1431 1442 1432
f 1440 1450 1441
f 1440 1441 1431
f 1441 1451 1452
f 1441 1452 1442
f 1450 1460 1451
f 1450 1451 1441
f 1451 1461 1462
f 1451 1462 1452
f 1460 1470 1461
f 1460 1461 1451
f 1461 1471 1472
f 1461 1472 1462
f 1470 1480 1471
f 1470 1471 1461
f 1471 1481 1482
f 1471 1482 1472
f 1480 1490 1481
f 1480 1481 1471
f 1481 1491 1492
f 1481 1492 1482
f 1490 1500 1491
f 1490 1491 1481
f 1491 1501 1502
f 1491 1502 1492
f 1500 1510 1501
f 1500 1501 1491
f 1501 1511 1512
f 1501 1512 1502
f 1510 1520 1511
f 1510 1511 1501
f 1511 1521 1522
f 1511 1522 1512
f 1520 1530 1521
f 1520 1521 1511
f 1521 1531 1532
f 1521 1532 1522
f 1530 1540 1531
f 1530 1531 1521
f 1531 1541 1542
f 1531 1542 1532
f 1540 1550 1541
f 1540 1541 1531
f 1541 1551 1552
f 1541 1552 1542
f 1550 1560 1551
f 1550 1551 1541
f 1551 1561 1562
f 1551 1562 1552
f 1560 1570 1561
f 1560 1561 1551
f 1561 1571 1572
f 1561 1572 1562
f 1570 1580 1571
f 1570 1571 1561
f 1571 1581 1582
f 1571 1582 1572
f 1580 1590 1581
f 1580 1581 1571
f 1581 1591 1592
f 1581 1592 1582
f 1590 1600 1591
f 1590 1591 1581
f 1591 1601 1602
f 1591 1602 1592
f 1600 1610 1601
f 1600 1601 1591
f 1601 1611 1612
f 1601 1612 1602
f 1610 1620 1611
f 1610 1611 1601
f 1611 1621 1622
f 1611 1622 1612
f 1620 1630 1621
f 1620 1621 1611
f 1621 1631 1632
f 1621 1632 1622
f 1630 1640 1631
f 1630 1631 1621
f 1631 1641 1642
f 1631 1642 1632
f 1640 1650 1641
f 1640 1641 1631
f 1641 1651 1652
f 1641 1652 1642
f 1650 1660 1651
f 1650 1651 1641
f 1651 1661 1662
f 1651 1662 1652
f 1660 1670 1661
f 1660 1661 1651
f 1661 1671 1672
f 1661 1672 1662
f 1670 1680 1671
f 1670 1671 1661
f 1671 1681 1682
f 1671 1682 1672
f 1680 1690 1681
f 1680 1681 1671
f 1681 1691 1692
f 1681 1692 1682
f 1690 1700 1691
f 1690 1691 1681
f 1691 1701 1702
f 1691 1702 1692
f 1700 1710 1701
f 1700 1701 1691
f 1701 1711 1712
f 1701 1712 1702
f 1710 1720 1711
f 1710 1711 1701
f 1711 1721 1722
f 1711 1722 1712
f 1720 1730 1721
f 1720 1721 1711
f 1721 1731 1732
f 1721 1732 1722
f 1730 1740 1731
f 1730 1731 1721
f 1731 1741 1742
f 1731 1742 1732
f 1740 1750 1741
f 1740 1741 1731
f 1741 1751 1752
f 1741 1752 1742
f 1750 1760 1751
f 1750 1751 1741
f 1751 1761 1762
f 1751 1762 1752
f 1760 1770 1761
f 1760 1761 1751
f 1761 1771 1772
f 1761 1772 1762
f 1770 1780 1771
f 1770 1771 1761
f 1771 1781 1782
f 1771 1782 1772
f 1780 1790 1781
f 1780 1781 1771
f 1781 1791 1792
f 1781 1792 1782
f 1790 1800 1791
f 1790 1791 1781
f 1791 1801 1802
f 1791 1802 1792
f 1800 1810 1801
f 1800 1801 1791
f 1801 1811 1812
f 1801 1812 1802
f 1810 1820 1811
f 1810 1811 1801
f 1811 1821 1822
f 1811 1822 1812
f 1820 1830 1821
f 1820 1821 1811
f 1821 1831 1832
f 1821 1832 1822
f 1830 1840 1831
f 1830 1831 1821
f 1831 1841 1842
f 1831 1842 1832
f 1840 1850 1841
f 1840 1841 1831
f 1841 1851 1852
f 1841 1852 1842
f 1850 1860 1851
f 1850 1851 1841
f 1851 1861 1862
f 1851 1862 1852
f 1860 1870 1861
f 1860 1861 1851
f 1861 1871 1872
f 1861 1872 1862
f 1870 1880 1871
f 1870 1871 1861
f 1871 1881 1882
f 1871 1882 1872
f 1880 1890 1881
f 1880 1881 1871
f 1881 1891 1892
f 1881 1892 1882
f 1890 1900 1891
f 1890 1891 1881
f 1891 1901 1902
f 1891 1902 1892
f 1900 1910 1901
f 1900 1901 1891
f 1901 1911 1912
f 1901 1912 1902
f 1910 1920 1911
f 1910 1911 1901
f 1911 1921 1922
f 1911 1922 1912
f 1920 1930 1921
f 1920 1921 1911
f 1921 1931 1932
f 1921 1932 1922
f 1930 1940 1931
f 1930 1931 1921
f 1931 1941 1942
f 1931 1942 1932
f 1940 1950 1941
f 1940 1941 1931
f 1941 1951 1952
f 1941 1952 1942
f 1950 1960 1951
f 1950 1951 1941
f 1951 1961 1962
f 1951 1962 1952
f 1960 1970 1961
f 1960 1961 1951
f 1961 1971 1972
f 1961 1972 1962
f 1970 1980 1971
f 1970 1971 1961
f 1971 1981 1982
f 1971 1982 1972
f 1980 1990 1981
f 1980 1981 1971
f 1981 1991 1992
f 1981 1992 1982
f 1990 2000 1991
f 1990 1991 1981
f 1991 2001 2002
f 1991 2002 1992
f 2000 2010 2001
f 2000 2001 1991
f 2001 2011 2012
f 2001 2012 2002
f 2010 2020 2011
f 2010 2011 2001
f 2011 2021 2022
f 2011 2022 2012
f 2020 2030 2021
f 2020 2021 2011
f 2021 2031 2032
f 2021 2032 2022
f 2030 2040 2031
f 2030 2031 2021
f 2031 2041 2042
f 2031 2042 2032
f 2040 2050 2041
f 2040 2041 2031
f 2041 2051 2052
f 2041 2052 2042
f 2050 2060 2051
f 2050 2051 2041
f 2051 2061 2062
f 2051 2062 2052
f 2060 2070 2061
f 2060 2061 2051
f 2061 2071 2072
f 2061 2072 2062
f 2070 2080 2071
f 2070 2071 2061
f 2071 2081 2082
f 2071 2082 2072
f 2080 2090 2081
f 2080 2081 2071
f 2081 2091 2092
f 2081 2092 2082
f 2090 2100 2091
f 2090 2091 2081
f 2091 2101 2102
f 2091 2102 2092
f 2100 2110 2101
f 2100 2101 2091
f 2101 2111 2112
f 2101 2112 2102
f 2110 2120 2111
f 2110 2111 2101
f 2111 2121 2122
f 2111 2122 2112
f 2120 2130 2121
f 2120 2121 2111
f 2121 2131 2132
f 2121 2132 2122
f 2130 2140 2131
f 2130 2131 2121
f 2131 2141 2142
f 2131 2142 2132
f 2140 2150 2141
f 2140 2141 2131
f 2141 2151 2152
f 2141 2152 2142
f 2150 2160 2151
f 2150 2151 2141
f 2151 2161 2162
f 2151 2162 2152
f 2160 2170 2161
f 2160 2161 2151
f 2161 2171 2172
f 2161 2172 2162
f 2170 2180 2171
f 2170 2171 2161
f 2171 2181 2182
f 2171 2182 2172
f 2180 2190 2181
f 2180 2181 2171
f 2181 2191 2192
f 2181 2192 2182
f 2190 2200 2191
f 2190 2191 2181
f 2191 2201 2202
f 2191 2202 2192
f 2200 2210 2201
f 2200 2201 2191
f 2201 2211 2212
f 2201 2212 2202
f 2210 2220 2211
f 2210 2211 2201
f 2211 2221 2222
f 2211 2222 2212
f 2220 2230 2221
f 2220 2221 2211
f 2221 2231 2232
f 2221 2232 2222
f 2230 2240 2231
f 2230 2231 2221
f 2231 2241 2242
f 2231 2242 2232
f 2240 2250 2241
f 2240 2241 2231
f 2241 2251 2252
f 2241 2252 2242
f 2250 2260 2251
f 2250 2251 2241
f 2251 2261 2262
f 2251 2262 2252
f 2260 2270 2261
f 2260 2261 2251
f 2261 2271 2272
f 2261 2272 2262
f 2270 2280 2271
f 2270 2271 2261
f 2271 2281 2282
f 2271 2282 2272
f 2280 2290 2281
f 2280 2281 2271
f 2281 2291 2292
f 2281 2292 2282
f 2290 2300 2291
f 2290 2291 2281
f 2291 2301 2302
f 2291 2302 2292
f 2300 2310 2301
f 2300 2301 2291
f 2301 2311 2312
f 2301 2312 2302
f 2310 2320 2311
f 2310 2311 2301
f 2311 2321 2322
f 2311 2322 2312
f 2320 2330 2321
f 2320 2321 2311
f 2321 2331 2332
f 2321 2332 2322
f 2330 2340 2331
f 2330 2331 2321
f 2331 2341 2342
f 2331 2342 2332
f 2340 2350 2341
f 2340 2341 2331
f 2341 2351 2352
f 2341 2352 2342
f 2350 2360 2351
f 2350 2351 2341
f 2351 2361 2362
f 2351 2362 2352
f 2360 2370 2361
f 2360 2361 2351
f 2361 2371 2372
f 2361 2372 2362
f 2370 2380 2371
f 2370 2371 2361
f 2371 2381 2382
f 2371 2382 2372
f 2380 2390 2381
f 2380 2381 2371
f 2381 2391 2392
f 2381 2392 2382
f 2390 2400 2391
f 2390 2391 2381
f 2391 2401 2402
f 2391 2402 2392
f 2400 2410 2401
f 2400 2401 2391
f 2401 2411 2412
f 2401 2412 2402
f 2410 2420 2411
f 2410 2411 2401
f 2411 2421 2422
f 2411 2422 2412
f 2420 2430 2421
f 2420 2421 2411
f 2421 2431 2432
f 2421 2432 2422
f 2430 2440 2431
f 2430 2431 2421
f 2431 2441 2442
f 2431 2442 2432
f 2440 2450 2441
f 2440 2441 2431
f 2441 2451 2452
f 2441 2452 2442
f 2450 2460 2451
f 2450 2451 2441
f 2451 2461 2462
f 2451 2462 2452
f 2460 2470 2461
f 2460 2461 2451
f 2461 2471 2472
f 2461 2472 2462
f 2470 2480 2471
f 2470 2471 2461
f 2471 2481 2482
f 2471 2482 2472
f 2480 2490 2481
f 2480 2481 2471
f 2481 2491 2492
f 2481 2492 2482
f 2490 2500 2491
f 2490 2491 2481
f 2491 2501 2502
f 2491 2502 2492
f 2500 2510 2501
f 2500 2501 2491
f 2501 2511 2512
f 2501 2512 2502
f 2510 2520 2511
f 2510 2511 2501
f 2511 2521 2522
f 2511 2522 2512
f 2520 2530 2521
f 2520 2521 2511
f 2521 2531 2532
f 2521 2532 2522
f 2530 2540 2531
f 2530 2531 2521
f 2531 2541 2542
f 2531 2542 2532
f 2540 2550 2541
f 2540 2541 2531
f 2541 2551 2552
f 2541 2552 2542
f 2550 2560 2551
f 2550 2551 2541
f 2551 2561 2562
f 2551 2562 2552
f 2560 2570 2561
f 2560 2561 2551
f 2561 2571 2572
f 2561 2572 2562
f 2570 2580 2571
f 2570 2571 2561
f 2571 2581 2582
f 2571 2582 2572
f 2580 2590 2581
f 2580 2581 2571
f 2581 2591 2592
f 2581 2592 2582
f 2590 2600 2591
f 2590 2591 2581
f 2591 2601 2602
f 2591 2602 2592
f 2600 2610 2601
f 2600 2601 2591
f 2601 2611 2612
f 2601 2612 2602
f 2610 2620 2611
f 2610 2611 2601
f 2611 2621 2622
f 2611 2622 2612
f 2620 2630 2621
f 2620 2621 2611
f 2621 2631 2632
f 2621 2632 2622
f 2630 2640 2631
f 2630 2631 2621
f 2631 2641 2642
f 2631 2642 2632
f 2640 2650 2641
f 2640 2641 2631
f 2641 2651 2652
f 2641 2652 2642
f 2650 2660 2651
f 2650 2651 2641
f 2651 2661 2662
f 2651 2662 2652
f 2660 2670 2661
f 2660 2661 2651
f 2661 2671 2672
f 2661 2672 2662
f 2670 2680 2671
f 2670 2671 2661
f 2671 2681 2682
f 2671 2682 2672
f 2680 2690 2681
f 2680 2681 2671
f 2681 2691 2692
f 2681 2692 2682
f 2690 2700 2691
f 2690 2691 2681
f 2691 2701 2702
f 2691 2702 2692
f 2700 2710 2701
f 2700 2701 2691
f 2701 2711 2712
f 2701 2712 2702
f 2710 2720 2711
f 2710 2711 2701
f 2711 2721 2722
f 2711 2722 2712
f 2720 2730 2721
f 2720 2721 2711
f 2721 2731 2732
f 2721 2732 2722
f 2730 2740 2731
f 2730 2731 2721
f 2731 2741 2742
f 2731 2742 2732
f 2740 2750 2741
f 2740 2741 2731
f 2741 2751 2752
f 2741 2752 2742
f 2750 2760 2751
f 2750 2751 2741
f 2751 2761 2762
f 2751 2762 2752
f 2760 2770 2761
f 2760 2761 2751
f 2761 2771 2772
f 2761 2772 2762
f 2770 2780 2771
f 2770 2771 2761
f 2771 2781 2782
f 2771 2782 2772
f 2780 2790 2781
f 2780 2781 2771
f 2781 2791 2792
f 2781 2792 2782
f 2790 2800 2791
f 2790 2791 2781
f 2791 2801 2802
f 2791 2802 2792
f 2800 2810 2801
f 2800 2801 2791
f 2801 2811 2812
f 2801 2812 2802
f 2810 2820 2811
f 2810 2811 2801
f 2811 2821 2822
f 2811 2822 2812
f 2820 2830 2821
f 2820 2821 2811
f 2821 2831 2832
f 2821 2832 2822
f 2830 2840 2831
f 2830 2831 2821
f 2831 2841 2842
f 2831 2842 2832
f 2840 2850 2841
f 2840 2841 2831
f 2841 2851 2852
f 2841 2852 2842
f 2850 2860 2851
f 2850 2851 2841
f 2851 2861 2862
f 2851 2862 2852
f 2860 2870 2861
f 2860 2861 2851
f 2861 2871 2872
f 2861 2872 2862
f 2870 2880 2871
f 2870 2871 2861
f 2871 2881 2882
f 2871 2882 2872
f 2880 2890 2881
f 2880 2881 2871
f 2881 2891 2892
f 2881 2892 2882
f 2890 2900 2891
f 2890 2891 2881
f 2891 2901 2902
f 2891 2902 2892
f 2900 2910 2901
f 2900 2901 2891
f 2901 2911 2912
f 2901 2912 2902
f 2910 2920 2911
f 2910 2911 2901
f 2911 2921 2922
f 2911 2922 2912
f 2920 2930 2921
f 2920 2921 2911
f 2921 2931 2932
f 2921 2932 2922
f 2930 2940 2931
f 2930 2931 2921
f 2931 2941 2942
f 2931 2942 2932
f 2940 2950 2941
f 2940 2941 2931
f 2941 2951 2952
f 2941 2952 2942
f 2950 2960 2951
f 2950 2951 2941
usemtl silver
f 5 15 16
f 5 16 6
f 6 16 17
f 6 17 7
f 15 25 26
f 15 26 16
f 16 26 27
f 16 27 17
f 25 35 36
f 25 36 26
f 26 36 37
f 26 37 27
f 35 45 46
f 35 46 36
f 36 46 47
f 36 47 37
f 45 55 56
f 45 56 46
f 46 56 57
f 46 57 47
f 55 65 66
f 55 66 56
f 56 66 67
f 56 67 57
f 65 75 76
f 65 76 66
f 66 76 77
f 66 77 67
f 75 85 86
f 75 86 76
f 76 86 87
f 76 87 77
f 85 95 96
f 85 96 86
f 86 96 97
f 86 97 87
f 95 105 106
f 95 106 96
f 96 106 107
f 96 107 97
f 105 115 116
f 105 116 106
f 106 116 117
f 106 117 107
f 115 125 126
f 115 126 116
f 116 126 127
f 116 127 117
f 125 135 136
f 125 136 126
f 126 136 137
f 126 137 127
f 135 145 146
f 135 146 136
f 136 146 147
f 136 147 137
f 145 155 156
f 145 156 146
f 146 156 157
f 146 157 147
f 155 165 166
f 155 166 156
f 156 166 167
f 156 167 157
f 165 175 176
f 165 176 166
f 166 176 177
f 166 177 167
f 175 185 186
f 175 186 176
f 176 186 187
f 176 187 177
f 185 195 196
f 185 196 186
f 186 196 197
f 186 197 187
f 195 205 206
f 195 206 196
f 196 206 207
f 196 207 197
f 205 215 216
f 205 216 206
f 206 216 217
f 206 217 207
f 215 225 226
f 215 226 216
f 216 226 227
f 216 227 217
f 225 235 236
f 225 236 226
f 226 236 237
f 226 237 227
f 235 245 246
f 235 246 236
f 236 246 247
f 236 247 237
f 245 255 256
f 245 256 246
f 246 256 257
f 246 257 247
f 255 265 266
f 255 266 256
f 256 266 267
f 256 267 257
f 265 275 276
f 265 276 266
f 266 276 277
f 266 277 267
f 275 285 286
f 275 286 276
f 276 286 287
f 276 287 277
f 285 295 296
f 285 296 286
f 286 296 297
f 286 297 287
f 295 305 306
f 295 306 296
f 296 306 307
f 296 307 297
f 305 315 316
f 305 316 306
f 306 316 317
f 306 317 307
f 315 325 326
f 315 326 316
f 316 326 327
f 316 327 317
f 325 335 336
f 325 336 326
f 326 336 337
f 326 337 327
f 335 345 346
f 335 346 336
f 336 346 347
f 336 347 337
f 345 355 356
f 345 356 346
f 346 356 357
f 346 357 347
f 355 365 366
f 355 366 356
f 356 366 367
f 356 367 357
f 365 375 376
f 365 376 366
f 366 376 377
f 366 377 367
f 375 385 386
f 375 386 376
f 376 386 387
f 376 387 377
f 385 395 396
f 385 396 386
f 386 396 397
f 386 397 387
f 395 405 406
f 395 406 396
f 396 406 407
f 396 407 397
f 405 415 416
f 405 416 406
f 406 416 417
f 406 417 407
f 415 425 426
f 415 426 416
f 416 426 427
f 416 427 417
f 425 435 436
f 425 436 426
f 426 436 437
f 426 437 427
f 435 445 446
f 435 446 436
f 436 446 447
f 436 447 437
f 445 455 456
f 445 456 446
f 446 456 457
f 446 457 447
f 455 465 466
f 455 466 456
f 456 466 467
f 456 467 457
f 465 475 476
f 465 476 466
f 466 476 477
f 466 477 467
f 475 485 486
f 475 486 476
f 476 486 487
f 476 487 477
f 485 495 496
f 485 496 486
f 486 496 497
f 486 497 487
f 495 505 506
f 495 506 496
f 496 506 507
f 496 507 497
f 505 515 516
f 505 516 506
f 506 516 517
f 506 517 507
f 515 525 526
f 515 526 516
f 516 526 527
f 516 527 517
f 525 535 536
f 525 536 526
f 526 536 537
f 526 537 527
f 535 545 546
f 535 546 536
f 536 546 547
f 536 547 537
f 545 555 556
f 545 556 546
f 546 556 557
f 546 557 547
f 555 565 566
f 555 566 556
f 556 566 567
f 556 567 557
f 565 575 576
f 565 576 566
f 566 576 577
f 566 577 567
f 575 585 586
f 575 586 576
f 576 586 587
f 576 587 577
f 585 595 596
f 585 596 586
f 586 596 597
f 586 597 587
f 595 605 606
f 595 606 596
f 596 606 607
f 596 607 597
f 605 615 616
f 605 616 606
f 606 616 617
f 606 617 607
f 615 625 626
f 615 626 616
f 616 626 627
f 616 627 617
f 625 635 636
f 625 636 626
f 626 636 637
f 626 637 627
f 635 645 646
f 635 646 636
f 636 646 647
f 636 647 637
f 645 655 656
f 645 656 646
f 646 656 657
f 646 657 647
f 655 665 666
f 655 666 656
f 656 666 667
f 656 667 657
f 665 675 676
f 665 676 666
f 666 676 677
f 666 677 667
f 675 685 686
f 675 686 676
f 676 686 687
f 676 687 677
f 685 695 696
f 685 696 686
f 686 696 697
f 686 697 687
f 695 705 706
f 695 706 696
f 696 706 707
f 696 707 697
f 705 715 716
f 705 716 706
f 706 716 717
f 706 717 707
f 715 725 726
f 715 726 716
f 716 726 727
f 716 727 717
f 725 735 736
f 725 736 726
f 726 736 737
f 726 737 727
f 735 745 746
f 735 746 736
f 736 746 747
f 736 747 737
f 745 755 756
f 745 756 746
f 746 756 757
f 746 757 747
f 755 765 766
f 755 766 756
f 756 766 767
f 756 767 757
f 765 775 776
f 765 776 766
f 766 776 777
f 766 777 767
f 775 785 786
f 775 786 776
f 776 786 787
f 776 787 777
f 785 795 796
f 785 796 786
f 786 796 797
f 786 797 787
f 795 805 806
f 795 806 796
f 796 806 807
f 796 807 797
f 805 815 816
f 805 816 806
f 806 816 817
f 806 817 807
f 815 825 826
f 815 826 816
f 816 826 827
f 816 827 817
f 825 835 836
f 825 836 826
f 826 836 837
f 826 837 827
f 835 845 846
f 835 846 836
f 836 846 847
f 836 847 837
f 845 855 856
f 845 856 846
f 846 856 857
f 846 857 847
f 855 865 866
f 855 866 856
f 856 866 867
f 856 867 857
f 865 875 876
f 865 876 866
f 866 876 877
f 866 877 867
f 875 885 886
f 875 886 876
f 876 886 887
f 876 887 877
f 885 895 896
f 885 896 886
f 886 896 897
f 886 897 887
f 895 905 906
f 895 906 896
f 896 906 907
f 896 907 897
f 905 915 916
f 905 916 906
f 906 916 917
f 906 917 907
f 915 925 926
f 915 926 916
f 916 926 927
f 916 927 917
f 925 935 936
f 925 936 926
f 926 936 937
f 926 937 927
f 935 945 946
f 935 946 936
f 936 946 947
f 936 947 937
f 945 955 956
f 945 956 946
f 946 956 957
f 946 957 947
f 955 965 966
f 955 966 956
f 956 966 967
f 956 967 957
f 965 975 976
f 965 976 966
f 966 976 977
f 966 977 967
f 975 985 986
f 975 986 976
f 976 986 987
f 976 987 977
f 985 995 996
f 985 996 986
f 986 996 997
f 986 997 987
f 995 1005 1006
f 995 1006 996
f 996 1006 1007
f 996 1007 997
f 1005 1015 1016
f 1005 1016 1006
f 1006 1016 1017
f 1006 1017 1007
f 1015 1025 1026
f 1015 1026 1016
f 1016 1026 1027
f 1016 1027 1017
f 1025 1035 1036
f 1025 1036 1026
f 1026 1036 1037
f 1026 1037 1027
f 1035 1045 1046
f 1035 1046 1036
f 1036 1046 1047
f 1036 1047 1037
f 1045 1055 1056
f 1045 1056 1046
f 1046 1056 1057
f 1046 1057 1047
f 1055 1065 1066
f 1055 1066 1056
f 1056 1066 1067
f 1056 1067 1057
f 1065 1075 1076
f 1065 1076 1066
f 1066 1076 1077
f 1066 1077 1067
f 1075 1085 1086
f 1075 1086 1076
f 1076 1086 1087
f 1076 1087 1077
f 1085 1095 1096
f 1085 1096 1086
f 1086 1096 1097
f 1086 1097 1087
f 1095 1105 1106
f 1095 1106 1096
f 1096 1106 1107
f 1096 1107 1097
f 1105 1115 1116
f 1105 1116 1106
f 1106 1116 1117
f 1106 1117 1107
f 1115 1125 1126
f 1115 1126 1116
f 1116 1126 1127
f 1116 1127 1117
f 1125 1135 1136
f 1125 1136 1126
f 1126 1136 1137
f 1126 1137 1127
f 1135 1145 1146
f 1135 1146 1136
f 1136 1146 1147
f 1136 1147 1137
f 1145 1155 1156
f 1145 1156 1146
f 1146 1156 1157
f 1146 1157 1147
f 1155 1165 1166
f 1155 1166 1156
f 1156 1166 1167
f 1156 1167 1157
f 1165 1175 1176
f 1165 1176 1166
f 1166 1176 1177
f 1166 1177 1167
f 1175 1185 1186
f 1175 1186 1176
f 1176 1186 1187
f 1176 1187 1177
f 1185 1195 1196
f 1185 1196 1186
f 1186 1196 1197
f 1186 1197 1187
f 1195 1205 1206
f 1195 1206 1196
f 1196 1206 1207
f 1196 1207 1197
f 1205 1215 1216
f 1205 1216 1206
f 1206 1216 1217
f 1206 1217 1207
f 1215 1225 1226
f 1215 1226 1216
f 1216 1226 1227
f 1216 1227 1217
f 1225 1235 1236
f 1225 1236 1226
f 1226 1236 1237
f 1226 1237 1227
f 1235 1245 1246
f 1235 1246 1236
f 1236 1246 1247
f 1236 1247 1237
f 1245 1255 1256
f 1245 1256 1246
f 1246 1256 1257
f 1246 1257 1247
f 1255 1265 1266
f 1255 1266 1256
f 1256 1266 1267
f 1256 1267 1257
f 1265 1275 1276
f 1265 1276 1266
f 1266 1276 1277
f 1266 1277 1267
f 1275 1285 1286
f 1275 1286 1276
f 1276 1286 1287
f 1276 1287 1277
f 1285 1295 1296
f 1285 1296 1286
f 1286 1296 1297
f 1286 1297 1287
f 1295 1305 1306
f 1295 1306 1296
f 1296 1306 1307
f 1296 1307 1297
f 1305 1315 1316
f 1305 1316 1306
f 1306 1316 1317
f 1306 1317 1307
f 1315 1325 1326
f 1315 1326 1316
f 1316 1326 1327
f 1316 1327 1317
f 1325 1335 1336
f 1325 1336 1326
f 1326 1336 1337
f 1326 1337 1327
f 1335 1345 1346
f 1335 1346 1336
f 1336 1346 1347
f 1336 1347 1337
f 1345 1355 1356
f 1345 1356 1346
f 1346 1356 1357
f 1346 1357 1347
f 1355 1365 1366
f 1355 1366 1356
f 1356 1366 1367
f 1356 1367 1357
f 1365 1375 1376
f 1365 1376 1366
f 1366 1376 1377
f 1366 1377 1367
f 1375 1385 1386
f 1375 1386 1376
f 1376 1386 1387
f 1376 1387 1377
f 1385 1395 1396
f 1385 1396 1386
f 1386 1396 1397
f 1386 1397 1387
f 1395 1405 1406
f 1395 1406 1396
f 1396 1406 1407
f 1396 1407 1397
f 1405 1415 1416
f 1405 1416 1406
f 1406 1416 1417
f 1406 1417 1407
f 1415 1425 1426
f 1415 1426 1416
f 1416 1426 1427
f 1416 1427 1417
f 1425 1435 1436
f 1425 1436 1426
f 1426 1436 1437
f 1426 1437 1427
f 1435 1445 1446
f 1435 1446 1436
f 1436 1446 1447
f 1436 1447 1437
f 1445 1455 1456
f 1445 1456 1446
f 1446 1456 1457
f 1446 1457 1447
f 1455 1465 1466
f 1455 1466 1456
f 1456 1466 1467
f 1456 1467 1457
f 1465 1475 1476
f 1465 1476 1466
f 1466 1476 1477
f 1466 1477 1467
f 1475 1485 1486
f 1475 1486 1476
f 1476 1486 1487
f 1476 1487 1477
f 1485 1495 1496
f 1485 1496 1486
f 1486 1496 1497
f 1486 1497 1487
f 1495 1505 1506
f 1495 1506 1496
f 1496 1506 1507
f 1496 1507 1497
f 1505 1515 1516
f 1505 1516 1506
f 1506 1516 1517
f 1506 1517 1507
f 1515 1525 1526
f 1515 1526 1516
f 1516 1526 1527
f 1516 1527 1517
f 1525 1535 1536
f 1525 1536 1526
f 1526 1536 1537
f 1526 1537 1527
f 1535 1545 1546
f 1535 1546 1536
f 1536 1546 1547
f 1536 1547 1537
f 1545 1555 1556
f 1545 1556 1546
f 1546 1556 1557
f 1546 1557 1547
f 1555 1565 1566
f 1555 1566 1556
f 1556 1566 1567
f 1556 1567 1557
f 1565 1575 1576
f 1565 1576 1566
f 1566 1576 1577
f 1566 1577 1567
f 1575 1585 1586
f 1575 1586 1576
f 1576 1586 1587
f 1576 1587 1577
f 1585 1595 1596
f 1585 1596 1586
f 1586 1596 1597
f 1586 1597 1587
f 1595 1605 1606
f 1595 1606 1596
f 1596 1606 1607
f 1596 1607 1597
f 1605 1615 1616
f 1605 1616 1606
f 1606 1616 1617
f 1606 1617 1607
f 1615 1625 1626
f 1615 1626 1616
f 1616 1626 1627
f 1616 1627 1617
f 1625 1635 1636
f 1625 1636 1626
f 1626 1636 1637
f 1626 1637 1627
f 1635 1645 1646
f 1635 1646 1636
f 1636 1646 1647
f 1636 1647 1637
f 1645 1655 1656
f 1645 1656 1646
f 1646 1656 1657
f 1646 1657 1647
f 1655 1665 1666
f 1655 1666 1656
f 1656 1666 1667
f 1656 1667 1657
f 1665 1675 1676
f 1665 1676 1666
f 1666 1676 1677
f 1666 1677 1667
f 1675 1685 1686
f 1675 1686 1676
f 1676 1686 1687
f 1676 1687 1677
f 1685 1695 1696
f 1685 1696 1686
f 1686 1696 1697
f 1686 1697 1687
f 1695 1705 1706
f 1695 1706 1696
f 1696 1706 1707
f 1696 1707 1697
f 1705 1715 1716
f 1705 1716 1706
f 1706 1716 1717
f 1706 1717 1707
f 1715 1725 1726
f 1715 1726 1716
f 1716 1726 1727
f 1716 1727 1717
f 1725 1735 1736
f 1725 1736 1726
f 1726 1736 1737
f 1726 1737 1727
f 1735 1745 1746
f 1735 1746 1736
f 1736 1746 1747
f 1736 1747 1737
f 1745 1755 1756
f 1745 1756 1746
f 1746 1756 1757
f 1746 1757 1747
f 1755 1765 1766
f 1755 1766 1756
f 1756 1766 1767
f 1756 1767 1757
f 1765 1775 1776
f 1765 1776 1766
f 1766 1776 1777
f 1766 1777 1767
f 1775 1785 1786
f 1775 1786 1776
f 1776 1786 1787
f 1776 1787 1777
f 1785 1795 1796
f 1785 1796 1786
f 1786 1796 1797
f 1786 1797 1787
f 1795 1805 1806
f 1795 1806 1796
f 1796 1806 1807
f 1796 1807 1797
f 1805 1815 1816
f 1805 1816 1806
f 1806 1816 1817
f 1806 1817 1807
f 1815 1825 1826
f 1815 1826 1816
f 1816 1826 1827
f 1816 1827 1817
f 1825 1835 1836
f 1825 1836 1826
f 1826 1836 1837
f 1826 1837 1827
f 1835 1845 1846
f 1835 1846 1836
f 1836 1846 1847
f 1836 1847 1837
f 1845 1855 1856
f 1845 1856 1846
f 1846 1856 1857
f 1846 1857 1847
f 1855 1865 1866
f 1855 1866 1856
f 1856 1866 1867
f 1856 1867 1857
f 1865 1875 1876
f 1865 1876 1866
f 1866 1876 1877
f 1866 1877 1867
f 1875 1885 1886
f 1875 1886 1876
f 1876 1886 1887
f 1876 1887 1877
f 1885 1895 1896
f 1885 1896 1886
f 1886 1896 1897
f 1886 1897 1887
f 1895 1905 1906
f 1895 1906 1896
f 1896 1906 1907
f 1896 1907 1897
f 1905 1915 1916
f 1905 1916 1906
f 1906 1916 1917
f 1906 1917 1907
f 1915 1925 1926
f 1915 1926 1916
f 1916 1926 1927
f 1916 1927 1917
f 1925 1935 1936
f 1925 1936 1926
f 1926 1936 1937
f 1926 1937 1927
f 1935 1945 1946
f 1935 1946 1936
f 1936 1946 1947
f 1936 1947 1937
f 1945 1955 1956
f 1945 1956 1946
f 1946 1956 1957
f 1946 1957 1947
f 1955 1965 1966
f 1955 1966 1956
f 1956 1966 1967
f 1956 1967 1957
f 1965 1975 1976
f 1965 1976 1966
f 1966 1976 1977
f 1966 1977 1967
f 1975 1985 1986
f 1975 1986 1976
f 1976 1986 1987
f 1976 1987 1977
f 1985 1995 1996
f 1985 1996 1986
f 1986 1996 1997
f 1986 1997 1987
f 1995 2005 2006
f 1995 2006 1996
f 1996 2006 2007
f 1996 2007 1997
f 2005 2015 2016
f 2005 2016 2006
f 2006 2016 2017
f 2006 2017 2007
f 2015 2025 2026
f 2015 2026 2016
f 2016 2026 2027
f 2016 2027 2017
f 2025 2035 2036
f 2025 2036 2026
f 2026 2036 2037
f 2026 2037 2027
f 2035 2045 2046
f 2035 2046 2036
f 2036 2046 2047
f 2036 2047 2037
f 2045 2055 2056
f 2045 2056 2046
f 2046 2056 2057
f 2046 2057 2047
f 2055 2065 2066
f 2055 2066 2056
f 2056 2066 2067
f 2056 2067 2057
f 2065 2075 2076
f 2065 2076 2066
f 2066 2076 2077
f 2066 2077 2067
f 2075 2085 2086
f 2075 2086 2076
f 2076 2086 2087
f 2076 2087 2077
f 2085 2095 2096
f 2085 2096 2086
f 2086 2096 2097
f 2086 2097 2087
f 2095 2105 2106
f 2095 2106 2096
f 2096 2106 2107
f 2096 2107 2097
f 2105 2115 2116
f 2105 2116 2106
f 2106 2116 2117
f 2106 2117 2107
f 2115 2125 2126
f 2115 2126 2116
f 2116 2126 2127
f 2116 2127 2117
f 2125 2135 2136
f 2125 2136 2126
f 2126 2136 2137
f 2126 2137 2127
f 2135 2145 2146
f 2135 2146 2136
f 2136 2146 2147
f 2136 2147 2137
f 2145 2155 2156
f 2145 2156 2146
f 2146 2156 2157
f 2146 2157 2147
f 2155 2165 2166
f 2155 2166 2156
f 2156 2166 2167
f 2156 2167 2157
f 2165 2175 2176
f 2165 2176 2166
f 2166 2176 2177
f 2166 2177 2167
f 2175 2185 2186
f 2175 2186 2176
f 2176 2186 2187
f 2176 2187 2177
f 2185 2195 2196
f 2185 2196 2186
f 2186 2196 2197
f 2186 2197 2187
f 2195 2205 2206
f 2195 2206 2196
f 2196 2206 2207
f 2196 2207 2197
f 2205 2215 2216
f 2205 2216 2206
f 2206 2216 2217
f 2206 2217 2207
f 2215 2225 2226
f 2215 2226 2216
f 2216 2226 2227
f 2216 2227 2217
f 2225 2235 2236
f 2225 2236 2226
f 2226 2236 2237
f 2226 2237 2227
f 2235 2245 2246
f 2235 2246 2236
f 2236 2246 2247
f 2236 2247 2237
f 2245 2255 2256
f 2245 2256 2246
f 2246 2256 2257
f 2246 2257 2247
f 2255 2265 2266
f 2255 2266 2256
f 2256 2266 2267
f 2256 2267 2257
f 2265 2275 2276
f 2265 2276 2266
f 2266 2276 2277
f 2266 2277 2267
f 2275 2285 2286
f 2275 2286 2276
f 2276 2286 2287
f 2276 2287 2277
f 2285 2295 2296
f 2285 2296 2286
f 2286 2296 2297
f 2286 2297 2287
f 2295 2305 2306
f 2295 2306 2296
f 2296 2306 2307
f 2296 2307 2297
f 2305 2315 2316
f 2305 2316 2306
f 2306 2316 2317
f 2306 2317 2307
f 2315 2325 2326
f 2315 2326 2316
f 2316 2326 2327
f 2316 2327 2317
f 2325 2335 2336
f 2325 2336 2326
f 2326 2336 2337
f 2326 2337 2327
f 2335 2345 2346
f 2335 2346 2336
f 2336 2346 2347
f 2336 2347 2337
f 2345 2355 2356
f 2345 2356 2346
f 2346 2356 2357
f 2346 2357 2347
f 2355 2365 2366
f 2355 2366 2356
f 2356 2366 2367
f 2356 2367 2357
f 2365 2375 2376
f 2365 2376 2366
f 2366 2376 2377
f 2366 2377 2367
f 2375 2385 2386
f 2375 2386 2376
f 2376 2386 2387
f 2376 2387 2377
f 2385 2395 2396
f 2385 2396 2386
f 2386 2396 2397
f 2386 2397 2387
f 2395 2405 2406
f 2395 2406 2396
f 2396 2406 2407
f 2396 2407 2397
f 2405 2415 2416
f 2405 2416 2406
f 2406 2416 2417
f 2406 2417 2407
f 2415 2425 2426
f 2415 2426 2416
f 2416 2426 2427
f 2416 2427 2417
f 2425 2435 2436
f 2425 2436 2426
f 2426 2436 2437
f 2426 2437 2427
f 2435 2445 2446
f 2435 2446 2436
f 2436 2446 2447
f 2436 2447 2437
f 2445 2455 2456
f 2445 2456 2446
f 2446 2456 2457
f 2446 2457 2447
f 2455 2465 2466
f 2455 2466 2456
f 2456 2466 2467
f 2456 2467 2457
f 2465 2475 2476
f 2465 2476 2466
f 2466 2476 2477
f 2466 2477 2467
f 2475 2485 2486
f 2475 2486 2476
f 2476 2486 2487
f 2476 2487 2477
f 2485 2495 2496
f 2485 2496 2486
f 2486 2496 2497
f 2486 2497 2487
f 2495 2505 2506
f 2495 2506 2496
f 2496 2506 2507
f 2496 2507 2497
f 2505 2515 2516
f 2505 2516 2506
f 2506 2516 2517
f 2506 2517 2507
f 2515 2525 2526
f 2515 2526 2516
f 2516 2526 2527
f 2516 2527 2517
f 2525 2535 2536
f 2525 2536 2526
f 2526 2536 2537
f 2526 2537 2527
f 2535 2545 2546
f 2535 2546 2536
f 2536 2546 2547
f 2536 2547 2537
f 2545 2555 2556
f 2545 2556 2546
f 2546 2556 2557
f 2546 2557 2547
f 2555 2565 2566
f 2555 2566 2556
f 2556 2566 2567
f 2556 2567 2557
f 2565 2575 2576
f 2565 2576 2566
f 2566 2576 2577
f 2566 2577 2567
f 2575 2585 2586
f 2575 2586 2576
f 2576 2586 2587
f 2576 2587 2577
f 2585 2595 2596
f 2585 2596 2586
f 2586 2596 2597
f 2586 2597 2587
f 2595 2605 2606
f 2595 2606 2596
f 2596 2606 2607
f 2596 2607 2597
f 2605 2615 2616
f 2605 2616 2606
f 2606 2616 2617
f 2606 2617 2607
f 2615 2625 2626
f 2615 2626 2616
f 2616 2626 2627
f 2616 2627 2617
f 2625 2635 2636
f 2625 2636 2626
f 2626 2636 2637
f 2626 2637 2627
f 2635 2645 2646
f 2635 2646 2636
f 2636 2646 2647
f 2636 2647 2637
f 2645 2655 2656
f 2645 2656 2646
f 2646 2656 2657
f 2646 2657 2647
f 2655 2665 2666
f 2655 2666 2656
f 2656 2666 2667
f 2656 2667 2657
f 2665 2675 2676
f 2665 2676 2666
f 2666 2676 2677
f 2666 2677 2667
f 2675 2685 2686
f 2675 2686 2676
f 2676 2686 2687
f 2676 2687 2677
f 2685 2695 2696
f 2685 2696 2686
f 2686 2696 2697
f 2686 2697 2687
f 2695 2705 2706
f 2695 2706 2696
f 2696 2706 2707
f 2696 2707 2697
f 2705 2715 2716
f 2705 2716 2706
f 2706 2716 2717
f 2706 2717 2707
f 2715 2725 2726
f 2715 2726 2716
f 2716 2726 2727
f 2716 2727 2717
f 2725 2735 2736
f 2725 2736 2726
f 2726 2736 2737
f 2726 2737 2727
f 2735 2745 2746
f 2735 2746 2736
f 2736 2746 2747
f 2736 2747 2737
f 2745 2755 2756
f 2745 2756 2746
f 2746 2756 2757
f 2746 2757 2747
f 2755 2765 2766
f 2755 2766 2756
f 2756 2766 2767
f 2756 2767 2757
f 2765 2775 2776
f 2765 2776 2766
f 2766 2776 2777
f 2766 2777 2767
f 2775 2785 2786
f 2775 2786 2776
f 2776 2786 2787
f 2776 2787 2777
f 2785 2795 2796
f 2785 2796 2786
f 2786 2796 2797
f 2786 2797 2787
f 2795 2805 2806
f 2795 2806 2796
f 2796 2806 2807
f 2796 2807 2797
f 2805 2815 2816
f 2805 2816 2806
f 2806 2816 2817
f 2806 2817 2807
f 2815 2825 2826
f 2815 2826 2816
f 2816 2826 2827
f 2816 2827 2817
f 2825 2835 2836
f 2825 2836 2826
f 2826 2836 2837
f 2826 2837 2827
f 2835 2845 2846
f 2835 2846 2836
f 2836 2846 2847
f 2836 2847 2837
f 2845 2855 2856
f 2845 2856 2846
f 2846 2856 2857
f 2846 2857 2847
f 2855 2865 2866
f 2855 2866 2856
f 2856 2866 2867
f 2856 2867 2857
f 2865 2875 2876
f 2865 2876 2866
f 2866 2876 2877
f 2866 2877 2867
f 2875 2885 2886
f 2875 2886 2876
f 2876 2886 2887
f 2876 2887 2877
f 2885 2895 2896
f 2885 2896 2886
f 2886 2896 2897
f 2886 2897 2887
f 2895 2905 2906
f 2895 2906 2896
f 2896 2906 2907
f 2896 2907 2897
f 2905 2915 2916
f 2905 2916 2906
f 2906 2916 2917
f 2906 2917 2907
f 2915 2925 2926
f 2915 2926 2916
f 2916 2926 2927
f 2916 2927 2917
f 2925 2935 2936
f 2925 2936 2926
f 2926 2936 2937
f 2926 2937 2927
f 2935 2945 2946
f 2935 2946 2936
f 2936 2946 2947
f 2936 2947 2937
f 2945 2955 2956
f 2945 2956 2946
f 2946 2956 2957
f 2946 2957 2947
usemtl edge
f 2 12 13
f 2 13 3
f 3 13 14
f 3 14 4
f 4 14 15
f 4 15 5
f 7 17 18
f 7 18 8
f 8 18 19
f 8 19 9
f 9 19 20
f 9 20 10
f 12 22 23
f 12 23 13
f 13 23 24
f 13 24 14
f 14 24 25
f 14 25 15
f 17 27 28
f 17 28 18
f 18 28 29
f 18 29 19
f 19 29 30
f 19 30 20
f 22 32 33
f 22 33 23
f 23 33 34
f 23 34 24
f 24 34 35
f 24 35 25
f 27 37 38
f 27 38 28
f 28 38 39
f 28 39 29
f 29 39 40
f 29 40 30
f 32 42 43
f 32 43 33
f 33 43 44
f 33 44 34
f 34 44 45
f 34 45 35
f 37 47 48
f 37 48 38
f 38 48 49
f 38 49 39
f 39 49 50
f 39 50 40
f 42 52 53
f 42 53 43
f 43 53 54
f 43 54 44
f 44 54 55
f 44 55 45
f 47 57 58
f 47 58 48
f 48 58 59
f 48 59 49
f 49 59 60
f 49 60 50
f 52 62 63
f 52 63 53
f 53 63 64
f 53 64 54
f 54 64 65
f 54 65 55
f 57 67 68
f 57 68 58
f 58 68 69
f 58 69 59
f 59 69 70
f 59 70 60
f 62 72 73
f 62 73 63
f 63 73 74
f 63 74 64
f 64 74 75
f 64 75 65
f 67 77 78
f 67 78 68
f 68 78 79
f 68 79 69
f 69 79 80
f 69 80 70
f 72 82 83
f 72 83 73
f 73 83 84
f 73 84 74
f 74 84 85
f 74 85 75
f 77 87 88
f 77 88 78
f 78 88 89
f 78 89 79
f 79 89 90
f 79 90 80
f 82 92 93
f 82 93 83
f 83 93 94
f 83 94 84
f 84 94 95
f 84 95 85
f 87 97 98
f 87 98 88
f 88 98 99
f 88 99 89
f 89 99 100
f 89 100 90
f 92 102 103
f 92 103 93
f 93 103 104
f 93 104 94
f 94 104 105
f 94 105 95
f 97 107 108
f 97 108 98
f 98 108 109
f 98 109 99
f 99 109 110
f 99 110 100
f 102 112 113
f 102 113 103
f 103 113 114
f 103 114 104
f 104 114 115
f 104 115 105
f 107 117 118
f 107 118 108
f 108 118 119
f 108 119 109
f 109 119 120
f 109 120 110
f 112 122 123
f 112 123 113
f 113 123 124
f 113 124 114
f 114 124 125
f 114 125 115
f 117 127 128
f 117 128 118
f 118 128 129
f 118 129 119
f 119 129 130
f 119 130 120
f 122 132 133
f 122 133 123
f 123 133 134
f 123 134 124
f 124 134 135
f 124 135 125
f 127 137 138
f 127 138 128
f 128 138 139
f 128 139 129
f 129 139 140
f 129 140 130
f 132 142 143
f 132 143 133
f 133 143 144
f 133 144 134
f 134 144 145
f 134 145 135
f 137 147 148
f 137 148 138
f 138 148 149
f 138 149 139
f 139 149 150
f 139 150 140
f 142 152 153
f 142 153 143
f 143 153 154
f 143 154 144
f 144 154 155
f 144 155 145
f 147 157 158
f 147 158 148
f 148 158 159
f 148 159 149
f 149 159 160
f 149 160 150
f 152 162 163
f 152 163 153
f 153 163 164
f 153 164 154
f 154 164 165
f 154 165 155
f 157 167 168
f 157 168 158
f 158 168 169
f 158 169 159
f 159 169 170
f 159 170 160
f 162 172 173
f 162 173 163
f 163 173 174
f 163 174 164
f 164 174 175
f 164 175 165
f 167 177 178
f 167 178 168
f 168 178 179
f 168 179 169
f 169 179 180
f 169 180 170
f 172 182 183
f 172 183 173
f 173 183 184
f 173 184 174
f 174 184 185
f 174 185 175
f 177 187 188
f 177 188 178
f 178 188 189
f 178 189 179
f 179 189 190
f 179 190 180
f 182 192 193
f 182 193 183
f 183 193 194
f 183 194 184
f 184 194 195
f 184 195 185
f 187 197 198
f 187 198 188
f 188 198 199
f 188 199 189
f 189 199 200
f 189 200 190
f 192 202 203
f 192 203 193
f 193 203 204
f 193 204 194
f 194 204 205
f 194 205 195
f 197 207 208
f 197 208 198
f 198 208 209
f 198 209 199
f 199 209 210
f 199 210 200
f 202 212 213
f 202 213 203
f 203 213 214
f 203 214 204
f 204 214 215
f 204 215 205
f 207 217 218
f 207 218 208
f 208 218 219
f 208 219 209
f 209 219 220
f 209 220 210
f 212 222 223
f 212 223 213
f 213 223 224
f 213 224 214
f 214 224 225
f 214 225 215
f 217 227 228
f 217 228 218
f 218 228 229
f 218 229 219
f 219 229 230
f 219 230 220
f 222 232 233
f 222 233 223
f 223 233 234
f 223 234 224
f 224 234 235
f 224 235 225
f 227 237 238
f 227 238 228
f 228 238 239
f 228 239 229
f 229 239 240
f 229 240 230
f 232 242 243
f 232 243 233
f 233 243 244
f 233 244 234
f 234 244 245
f 234 245 235
f 237 247 248
f 237 248 238
f 238 248 249
f 238 249 239
f 239 249 250
f 239 250 240
f 242 252 253
f 242 253 243
f 243 253 254
f 243 254 244
f 244 254 255
f 244 255 245
f 247 257 258
f 247 258 248
f 248 258 259
f 248 259 249
f 249 259 260
f 249 260 250
f 252 262 263
f 252 263 253
f 253 263 264
f 253 264 254
f 254 264 265
f 254 265 255
f 257 267 268
f 257 268 258
f 258 268 269
f 258 269 259
f 259 269 270
f 259 270 260
f 262 272 273
f 262 273 263
f 263 273 274
f 263 274 264
f 264 274 275
f 264 275 265
f 267 277 278
f 267 278 268
f 268 278 279
f 268 279 269
f 269 279 280
f 269 280 270
f 272 282 283
f 272 283 273
f 273 283 284
f 273 284 274
f 274 284 285
f 274 285 275
f 277 287 288
f 277 288 278
f 278 288 289
f 278 289 279
f 279 289 290
f 279 290 280
f 282 292 293
f 282 293 283
f 283 293 294
f 283 294 284
f 284 294 295
f 284 295 285
f 287 297 298
f 287 298 288
f 288 298 299
f 288 299 289
f 289 299 300
f 289 300 290
f 292 302 303
f 292 303 293
f 293 303 304
f 293 304 294
f 294 304 305
f 294 305 295
f 297 307 308
f 297 308 298
f 298 308 309
f 298 309 299
f 299 309 310
f 299 310 300
f 302 312 313
f 302 313 303
f 303 313 314
f 303 314 304
f 304 314 315
f 304 315 305
f 307 317 318
f 307 318 308
f 308 318 319
f 308 319 309
f 309 319 320
f 309 320 310
f 312 322 323
f 312 323 313
f 313 323 324
f 313 324 314
f 314 324 325
f 314 325 315
f 317 327 328
f 317 328 318
f 318 328 329
f 318 329 319
f 319 329 330
f 319 330 320
f 322 332 333
f 322 333 323
f 323 333 334
f 323 334 324
f 324 334 335
f 324 335 325
f 327 337 338
f 327 338 328
f 328 338 339
f 328 339 329
f 329 339 340
f 329 340 330
f 332 342 343
f 332 343 333
f 333 343 344
f 333 344 334
f 334 344 345
f 334 345 335
f 337 347 348
f 337 348 338
f 338 348 349
f 338 349 339
f 339 349 350
f 339 350 340
f 342 352 353
f 342 353 343
f 343 353 354
f 343 354 344
f 344 354 355
f 344 355 345
f 347 357 358
f 347 358 348
f 348 358 359
f 348 359 349
f 349 359 360
f 349 360 350
f 352 362 363
f 352 363 353
f 353 363 364
f 353 364 354
f 354 364 365
f 354 365 355
f 357 367 368
f 357 368 358
f 358 368 369
f 358 369 359
f 359 369 370
f 359 370 360
f 362 372 373
f 362 373 363
f 363 373 374
f 363 374 364
f 364 374 375
f 364 375 365
f 367 377 378
f 367 378 368
f 368 378 379
f 368 379 369
f 369 379 380
f 369 380 370
f 372 382 383
f 372 383 373
f 373 383 384
f 373 384 374
f 374 384 385
f 374 385 375
f 377 387 388
f 377 388 378
f 378 388 389
f 378 389 379
f 379 389 390
f 379 390 380
f 382 392 393
f 382 393 383
f 383 393 394
f 383 394 384
f 384 394 395
f 384 395 385
f 387 397 398
f 387 398 388
f 388 398 399
f 388 399 389
f 389 399 400
f 389 400 390
f 392 402 403
f 392 403 393
f 393 403 404
f 393 404 394
f 394 404 405
f 394 405 395
f 397 407 408
f 397 408 398
f 398 408 409
f 398 409 399
f 399 409 410
f 399 410 400
f 402 412 413
f 402 413 403
f 403 413 414
f 403 414 404
f 404 414 415
f 404 415 405
f 407 417 418
f 407 418 408
f 408 418 419
f 408 419 409
f 409 419 420
f 409 420 410
f 412 422 423
f 412 423 413
f 413 423 424
f 413 424 414
f 414 424 425
f 414 425 415
f 417 427 428
f 417 428 418
f 418 428 429
f 418 429 419
f 419 429 430
f 419 430 420
f 422 432 433
f 422 433 423
f 423 433 434
f 423 434 424
f 424 434 435
f 424 435 425
f 427 437 438
f 427 438 428
f 428 438 439
f 428 439 429
f 429 439 440
f 429 440 430
f 432 442 443
f 432 443 433
f 433 443 444
f 433 444 434
f 434 444 445
f 434 445 435
f 437 447 448
f 437 448 438
f 438 448 449
f 438 449 439
f 439 449 450
f 439 450 440
f 442 452 453
f 442 453 443
f 443 453 454
f 443 454 444
f 444 454 455
f 444 455 445
f 447 457 458
f 447 458 448
f 448 458 459
f 448 459 449
f 449 459 460
f 449 460 450
f 452 462 463
f 452 463 453
f 453 463 464
f 453 464 454
f 454 464 465
f 454 465 455
f 457 467 468
f 457 468 458
f 458 468 469
f 458 469 459
f 459 469 470
f 459 470 460
f 462 472 473
f 462 473 463
f 463 473 474
f 463 474 464
f 464 474 475
f 464 475 465
f 467 477 478
f 467 478 468
f 468 478 479
f 468 479 469
f 469 479 480
f 469 480 470
f 472 482 483
f 472 483 473
f 473 483 484
f 473 484 474
f 474 484 485
f 474 485 475
f 477 487 488
f 477 488 478
f 478 488 489
f 478 489 479
f 479 489 490
f 479 490 480
f 482 492 493
f 482 493 483
f 483 493 494
f 483 494 484
f 484 494 495
f 484 495 485
f 487 497 498
f 487 498 488
f 488 498 499
f 488 499 489
f 489 499 500
f 489 500 490
f 492 502 503
f 492 503 493
f 493 503 504
f 493 504 494
f 494 504 505
f 494 505 495
f 497 507 508
f 497 508 498
f 498 508 509
f 498 509 499
f 499 509 510
f 499 510 500
f 502 512 513
f 502 513 503
f 503 513 514
f 503 514 504
f 504 514 515
f 504 515 505
f 507 517 518
f 507 518 508
f 508 518 519
f 508 519 509
f 509 519 520
f 509 520 510
f 512 522 523
f 512 523 513
f 513 523 524
f 513 524 514
f 514 524 525
f 514 525 515
f 517 527 528
f 517 528 518
f 518 528 529
f 518 529 519
f 519 529 530
f 519 530 520
f 522 532 533
f 522 533 523
f 523 533 534
f 523 534 524
f 524 534 535
f 524 535 525
f 527 537 538
f 527 538 528
f 528 538 539
f 528 539 529
f 529 539 540
f 529 540 530
f 532 542 543
f 532 543 533
f 533 543 544
f 533 544 534
f 534 544 545
f 534 545 535
f 537 547 548
f 537 548 538
f 538 548 549
f 538 549 539
f 539 549 550
f 539 550 540
f 542 552 553
f 542 553 543
f 543 553 554
f 543 554 544
f 544 554 555
f 544 555 545
f 547 557 558
f 547 558 548
f 548 558 559
f 548 559 549
f 549 559 560
f 549 560 550
f 552 562 563
f 552 563 553
f 553 563 564
f 553 564 554
f 554 564 565
f 554 565 555
f 557 567 568
f 557 568 558
f 558 568 569
f 558 569 559
f 559 569 570
f 559 570 560
f 562 572 573
f 562 573 563
f 563 573 574
f 563 574 564
f 564 574 575
f 564 575 565
f 567 577 578
f 567 578 568
f 568 578 579
f 568 579 569
f 569 579 580
f 569 580 570
f 572 582 583
f 572 583 573
f 573 583 584
f 573 584 574
f 574 584 585
f 574 585 575
f 577 587 588
f 577 588 578
f 578 588 589
f 578 589 579
f 579 589 590
f 579 590 580
f 582 592 593
f 582 593 583
f 583 593 594
f 583 594 584
f 584 594 595
f 584 595 585
f 587 597 598
f 587 598 588
f 588 598 599
f 588 599 589
f 589 599 600
f 589 600 590
f 592 602 603
f 592 603 593
f 593 603 604
f 593 604 594
f 594 604 605
f 594 605 595
f 597 607 608
f 597 608 598
f 598 608 609
f 598 609 599
f 599 609 610
f 599 610 600
f 602 612 613
f 602 613 603
f 603 613 614
f 603 614 604
f 604 614 615
f 604 615 605
f 607 617 618
f 607 618 608
f 608 618 619
f 608 619 609
f 609 619 620
f 609 620 610
f 612 622 623
f 612 623 613
f 613 623 624
f 613 624 614
f 614 624 625
f 614 625 615
f 617 627 628
f 617 628 618
f 618 628 629
f 618 629 619
f 619 629 630
f 619 630 620
f 622 632 633
f 622 633 623
f 623 633 634
f 623 634 624
f 624 634 635
f 624 635 625
f 627 637 638
f 627 638 628
f 628 638 639
f 628 639 629
f 629 639 640
f 629 640 630
f 632 642 643
f 632 643 633
f 633 643 644
f 633 644 634
f 634 644 645
f 634 645 635
f 637 647 648
f 637 648 638
f 638 648 649
f 638 649 639
f 639 649 650
f 639 650 640
f 642 652 653
f 642 653 643
f 643 653 654
f 643 654 644
f 644 654 655
f 644 655 645
f 647 657 658
f 647 658 648
f 648 658 659
f 648 659 649
f 649 659 660
f 649 660 650
f 652 662 663
f 652 663 653
f 653 663 664
f 653 664 654
f 654 664 665
f 654 665 655
f 657 667 668
f 657 668 658
f 658 668 669
f 658 669 659
f 659 669 670
f 659 670 660
f 662 672 673
f 662 673 663
f 663 673 674
f 663 674 664
f 664 674 675
f 664 675 665
f 667 677 678
f 667 678 668
f 668 678 679
f 668 679 669
f 669 679 680
f 669 680 670
f 672 682 683
f 672 683 673
f 673 683 684
f 673 684 674
f 674 684 685
f 674 685 675
f 677 687 688
f 677 688 678
f 678 688 689
f 678 689 679
f 679 689 690
f 679 690 680
f 682 692 693
f 682 693 683
f 683 693 694
f 683 694 684
f 684 694 695
f 684 695 685
f 687 697 698
f 687 698 688
f 688 698 699
f 688 699 689
f 689 699 700
f 689 700 690
f 692 702 703
f 692 703 693
f 693 703 704
f 693 704 694
f 694 704 705
f 694 705 695
f 697 707 708
f 697 708 698
f 698 708 709
f 698 709 699
f 699 709 710
f 699 710 700
f 702 712 713
f 702 713 703
f 703 713 714
f 703 714 704
f 704 714 715
f 704 715 705
f 707 717 718
f 707 718 708
f 708 718 719
f 708 719 709
f 709 719 720
f 709 720 710
f 712 722 723
f 712 723 713
f 713 723 724
f 713 724 714
f 714 724 725
f 714 725 715
f 717 727 728
f 717 728 718
f 718 728 729
f 718 729 719
f 719 729 730
f 719 730 720
f 722 732 733
f 722 733 723
f 723 733 734
f 723 734 724
f 724 734 735
f 724 735 725
f 727 737 738
f 727 738 728
f 728 738 739
f 728 739 729
f 729 739 740
f 729 740 730
f 732 742 743
f 732 743 733
f 733 743 744
f 733 744 734
f 734 744 745
f 734 745 735
f 737 747 748
f 737 748 738
f 738 748 749
f 738 749 739
f 739 749 750
f 739 750 740
f 742 752 753
f 742 753 743
f 743 753 754
f 743 754 744
f 744 754 755
f 744 755 745
f 747 757 758
f 747 758 748
f 748 758 759
f 748 759 749
f 749 759 760
f 749 760 750
f 752 762 763
f 752 763 753
f 753 763 764
f 753 764 754
f 754 764 765
f 754 765 755
f 757 767 768
f 757 768 758
f 758 768 769
f 758 769 759
f 759 769 770
f 759 770 760
f 762 772 773
f 762 773 763
f 763 773 774
f 763 774 764
f 764 774 775
f 764 775 765
f 767 777 778
f 767 778 768
f 768 778 779
f 768 779 769
f 769 779 780
f 769 780 770
f 772 782 783
f 772 783 773
f 773 783 784
f 773 784 774
f 774 784 785
f 774 785 775
f 777 787 788
f 777 788 778
f 778 788 789
f 778 789 779
f 779 789 790
f 779 790 780
f 782 792 793
f 782 793 783
f 783 793 794
f 783 794 784
f 784 794 795
f 784 795 785
f 787 797 798
f 787 798 788
f 788 798 799
f 788 799 789
f 789 799 800
f 789 800 790
f 792 802 803
f 792 803 793
f 793 803 804
f 793 804 794
f 794 804 805
f 794 805 795
f 797 807 808
f 797 808 798
f 798 808 809
f 798 809 799
f 799 809 810
f 799 810 800
f 802 812 813
f 802 813 803
f 803 813 814
f 803 814 804
f 804 814 815
f 804 815 805
f 807 817 818
f 807 818 808
f 808 818 819
f 808 819 809
f 809 819 820
f 809 820 810
f 812 822 823
f 812 823 813
f 813 823 824
f 813 824 814
f 814 824 825
f 814 825 815
f 817 827 828
f 817 828 818
f 818 828 829
f 818 829 819
f 819 829 830
f 819 830 820
f 822 832 833
f 822 833 823
f 823 833 834
f 823 834 824
f 824 834 835
f 824 835 825
f 827 837 838
f 827 838 828
f 828 838 839
f 828 839 829
f 829 839 840
f 829 840 830
f 832 842 843
f 832 843 833
f 833 843 844
f 833 844 834
f 834 844 845
f 834 845 835
f 837 847 848
f 837 848 838
f 838 848 849
f 838 849 839
f 839 849 850
f 839 850 840
f 842 852 853
f 842 853 843
f 843 853 854
f 843 854 844
f 844 854 855
f 844 855 845
f 847 857 858
f 847 858 848
f 848 858 859
f 848 859 849
f 849 859 860
f 849 860 850
f 852 862 863
f 852 863 853
f 853 863 864
f 853 864 854
f 854 864 865
f 854 865 855
f 857 867 868
f 857 868 858
f 858 868 869
f 858 869 859
f 859 869 870
f 859 870 860
f 862 872 873
f 862 873 863
f 863 873 874
f 863 874 864
f 864 874 875
f 864 875 865
f 867 877 878
f 867 878 868
f 868 878 879
f 868 879 869
f 869 879 880
f 869 880 870
f 872 882 883
f 872 883 873
f 873 883 884
f 873 884 874
f 874 884 885
f 874 885 875
f 877 887 888
f 877 888 878
f 878 888 889
f 878 889 879
f 879 889 890
f 879 890 880
f 882 892 893
f 882 893 883
f 883 893 894
f 883 894 884
f 884 894 895
f 884 895 885
f 887 897 898
f 887 898 888
f 888 898 899
f 888 899 889
f 889 899 900
f 889 900 890
f 892 902 903
f 892 903 893
f 893 903 904
f 893 904 894
f 894 904 905
f 894 905 895
f 897 907 908
f 897 908 898
f 898 908 909
f 898 909 899
f 899 909 910
f 899 910 900
f 902 912 913
f 902 913 903
f 903 913 914
f 903 914 904
f 904 914 915
f 904 915 905
f 907 917 918
f 907 918 908
f 908 918 919
f 908 919 909
f 909 919 920
f 909 920 910
f 912 922 923
f 912 923 913
f 913 923 924
f 913 924 914
f 914 924 925
f 914 925 915
f 917 927 928
f 917 928 918
f 918 928 929
f 918 929 919
f 919 929 930
f 919 930 920
f 922 932 933
f 922 933 923
f 923 933 934
f 923 934 924
f 924 934 935
f 924 935 925
f 927 937 938
f 927 938 928
f 928 938 939
f 928 939 929
f 929 939 940
f 929 940 930
f 932 942 943
f 932 943 933
f 933 943 944
f 933 944 934
f 934 944 945
f 934 945 935
f 937 947 948
f 937 948 938
f 938 948 949
f 938 949 939
f 939 949 950
f 939 950 940
f 942 952 953
f 942 953 943
f 943 953 954
f 943 954 944
f 944 954 955
f 944 955 945
f 947 957 958
f 947 958 948
f 948 958 959
f 948 959 949
f 949 959 960
f 949 960 950
f 952 962 963
f 952 963 953
f 953 963 964
f 953 964 954
f 954 964 965
f 954 965 955
f 957 967 968
f 957 968 958
f 958 968 969
f 958 969 959
f 959 969 970
f 959 970 960
f 962 972 973
f 962 973 963
f 963 973 974
f 963 974 964
f 964 974 975
f 964 975 965
f 967 977 978
f 967 978 968
f 968 978 979
f 968 979 969
f 969 979 980
f 969 980 970
f 972 982 983
f 972 983 973
f 973 983 984
f 973 984 974
f 974 984 985
f 974 985 975
f 977 987 988
f 977 988 978
f 978 988 989
f 978 989 979
f 979 989 990
f 979 990 980
f 982 992 993
f 982 993 983
f 983 993 994
f 983 994 984
f 984 994 995
f 984 995 985
f 987 997 998
f 987 998 988
f 988 998 999
f 988 999 989
f 989 999 1000
f 989 1000 990
f 992 1002 1003
f 992 1003 993
f 993 1003 1004
f 993 1004 994
f 994 1004 1005
f 994 1005 995
f 997 1007 1008
f 997 1008 998
f 998 1008 1009
f 998 1009 999
f 999 1009 1010
f 999 1010 1000
f 1002 1012 1013
f 1002 1013 1003
f 1003 1013 1014
f 1003 1014 1004
f 1004 1014 1015
f 1004 1015 1005
f 1007 1017 1018
f 1007 1018 1008
f 1008 1018 1019
f 1008 1019 1009
f 1009 1019 1020
f 1009 1020 1010
f 1012 1022 1023
f 1012 1023 1013
f 1013 1023 1024
f 1013 1024 1014
f 1014 1024 1025
f 1014 1025 1015
f 1017 1027 1028
f 1017 1028 1018
f 1018 1028 1029
f 1018 1029 1019
f 1019 1029 1030
f 1019 1030 1020
f 1022 1032 1033
f 1022 1033 1023
f 1023 1033 1034
f 1023 1034 1024
f 1024 1034 1035
f 1024 1035 1025
f 1027 1037 1038
f 1027 1038 1028
f 1028 1038 1039
f 1028 1039 1029
f 1029 1039 1040
f 1029 1040 1030
f 1032 1042 1043
f 1032 1043 1033
f 1033 1043 1044
f 1033 1044 1034
f 1034 1044 1045
f 1034 1045 1035
f 1037 1047 1048
f 1037 1048 1038
f 1038 1048 1049
f 1038 1049 1039
f 1039 1049 1050
f 1039 1050 1040
f 1042 1052 1053
f 1042 1053 1043
f 1043 1053 1054
f 1043 1054 1044
f 1044 1054 1055
f 1044 1055 1045
f 1047 1057 1058
f 1047 1058 1048
f 1048 1058 1059
f 1048 1059 1049
f 1049 1059 1060
f 1049 1060 1050
f 1052 1062 1063
f 1052 1063 1053
f 1053 1063 1064
f 1053 1064 1054
f 1054 1064 1065
f 1054 1065 1055
f 1057 1067 1068
f 1057 1068 1058
f 1058 1068 1069
f 1058 1069 1059
f 1059 1069 1070
f 1059 1070 1060
f 1062 1072 1073
f 1062 1073 1063
f 1063 1073 1074
f 1063 1074 1064
f 1064 1074 1075
f 1064 1075 1065
f 1067 1077 1078
f 1067 1078 1068
f 1068 1078 1079
f 1068 1079 1069
f 1069 1079 1080
f 1069 1080 1070
f 1072 1082 1083
f 1072 1083 1073
f 1073 1083 1084
f 1073 1084 1074
f 1074 1084 1085
f 1074 1085 1075
f 1077 1087 1088
f 1077 1088 1078
f 1078 1088 1089
f 1078 1089 1079
f 1079 1089 1090
f 1079 1090 1080
f 1082 1092 1093
f 1082 1093 1083
f 1083 1093 1094
f 1083 1094 1084
f 1084 1094 1095
f 1084 1095 1085
f 1087 1097 1098
f 1087 1098 1088
f 1088 1098 1099
f 1088 1099 1089
f 1089 1099 1100
f 1089 1100 1090
f 1092 1102 1103
f 1092 1103 1093
f 1093 1103 1104
f 1093 1104 1094
f 1094 1104 1105
f 1094 1105 1095
f 1097 1107 1108
f 1097 1108 1098
f 1098 1108 1109
f 1098 1109 1099
f 1099 1109 1110
f 1099 1110 1100
f 1102 1112 1113
f 1102 1113 1103
f 1103 1113 1114
f 1103 1114 1104
f 1104 1114 1115
f 1104 1115 1105
f 1107 1117 1118
f 1107 1118 1108
f 1108 1118 1119
f 1108 1119 1109
f 1109 1119 1120
f 1109 1120 1110
f 1112 1122 1123
f 1112 1123 1113
f 1113 1123 1124
f 1113 1124 1114
f 1114 1124 1125
f 1114 1125 1115
f 1117 1127 1128
f 1117 1128 1118
f 1118 1128 1129
f 1118 1129 1119
f 1119 1129 1130
f 1119 1130 1120
f 1122 1132 1133
f 1122 1133 1123
f 1123 1133 1134
f 1123 1134 1124
f 1124 1134 1135
f 1124 1135 1125
f 1127 1137 1138
f 1127 1138 1128
f 1128 1138 1139
f 1128 1139 1129
f 1129 1139 1140
f 1129 1140 1130
f 1132 1142 1143
f 1132 1143 1133
f 1133 1143 1144
f 1133 1144 1134
f 1134 1144 1145
f 1134 1145 1135
f 1137 1147 1148
f 1137 1148 1138
f 1138 1148 1149
f 1138 1149 1139
f 1139 1149 1150
f 1139 1150 1140
f 1142 1152 1153
f 1142 1153 1143
f 1143 1153 1154
f 1143 1154 1144
f 1144 1154 1155
f 1144 1155 1145
f 1147 1157 1158
f 1147 1158 1148
f 1148 1158 1159
f 1148 1159 1149
f 1149 1159 1160
f 1149 1160 1150
f 1152 1162 1163
f 1152 1163 1153
f 1153 1163 1164
f 1153 1164 1154
f 1154 1164 1165
f 1154 1165 1155
f 1157 1167 1168
f 1157 1168 1158
f 1158 1168 1169
f 1158 1169 1159
f 1159 1169 1170
f 1159 1170 1160
f 1162 1172 1173
f 1162 1173 1163
f 1163 1173 1174
f 1163 1174 1164
f 1164 1174 1175
f 1164 1175 1165
f 1167 1177 1178
f 1167 1178 1168
f 1168 1178 1179
f 1168 1179 1169
f 1169 1179 1180
f 1169 1180 1170
f 1172 1182 1183
f 1172 1183 1173
f 1173 1183 1184
f 1173 1184 1174
f 1174 1184 1185
f 1174 1185 1175
f 1177 1187 1188
f 1177 1188 1178
f 1178 1188 1189
f 1178 1189 1179
f 1179 1189 1190
f 1179 1190 1180
f 1182 1192 1193
f 1182 1193 1183
f 1183 1193 1194
f 1183 1194 1184
f 1184 1194 1195
f 1184 1195 1185
f 1187 1197 1198
f 1187 1198 1188
f 1188 1198 1199
f 1188 1199 1189
f 1189 1199 1200
f 1189 1200 1190
f 1192 1202 1203
f 1192 1203 1193
f 1193 1203 1204
f 1193 1204 1194
f 1194 1204 1205
f 1194 1205 1195
f 1197 1207 1208
f 1197 1208 1198
f 1198 1208 1209
f 1198 1209 1199
f 1199 1209 1210
f 1199 1210 1200
f 1202 1212 1213
f 1202 1213 1203
f 1203 1213 1214
f 1203 1214 1204
f 1204 1214 1215
f 1204 1215 1205
f 1207 1217 1218
f 1207 1218 1208
f 1208 1218 1219
f 1208 1219 1209
f 1209 1219 1220
f 1209 1220 1210
f 1212 1222 1223
f 1212 1223 1213
f 1213 1223 1224
f 1213 1224 1214
f 1214 1224 1225
f 1214 1225 1215
f 1217 1227 1228
f 1217 1228 1218
f 1218 1228 1229
f 1218 1229 1219
f 1219 1229 1230
f 1219 1230 1220
f 1222 1232 1233
f 1222 1233 1223
f 1223 1233 1234
f 1223 1234 1224
f 1224 1234 1235
f 1224 1235 1225
f 1227 1237 1238
f 1227 1238 1228
f 1228 1238 1239
f 1228 1239 1229
f 1229 1239 1240
f 1229 1240 1230
f 1232 1242 1243
f 1232 1243 1233
f 1233 1243 1244
f 1233 1244 1234
f 1234 1244 1245
f 1234 1245 1235
f 1237 1247 1248
f 1237 1248 1238
f 1238 1248 1249
f 1238 1249 1239
f 1239 1249 1250
f 1239 1250 1240
f 1242 1252 1253
f 1242 1253 1243
f 1243 1253 1254
f 1243 1254 1244
f 1244 1254 1255
f 1244 1255 1245
f 1247 1257 1258
f 1247 1258 1248
f 1248 1258 1259
f 1248 1259 1249
f 1249 1259 1260
f 1249 1260 1250
f 1252 1262 1263
f 1252 1263 1253
f 1253 1263 1264
f 1253 1264 1254
f 1254 1264 1265
f 1254 1265 1255
f 1257 1267 1268
f 1257 1268 1258
f 1258 1268 1269
f 1258 1269 1259
f 1259 1269 1270
f 1259 1270 1260
f 1262 1272 1273
f 1262 1273 1263
f 1263 1273 1274
f 1263 1274 1264
f 1264 1274 1275
f 1264 1275 1265
f 1267 1277 1278
f 1267 1278 1268
f 1268 1278 1279
f 1268 1279 1269
f 1269 1279 1280
f 1269 1280 1270
f 1272 1282 1283
f 1272 1283 1273
f 1273 1283 1284
f 1273 1284 1274
f 1274 1284 1285
f 1274 1285 1275
f 1277 1287 1288
f 1277 1288 1278
f 1278 1288 1289
f 1278 1289 1279
f 1279 1289 1290
f 1279 1290 1280
f 1282 1292 1293
f 1282 1293 1283
f 1283 1293 1294
f 1283 1294 1284
f 1284 1294 1295
f 1284 1295 1285
f 1287 1297 1298
f 1287 1298 1288
f 1288 1298 1299
f 1288 1299 1289
f 1289 1299 1300
f 1289 1300 1290
f 1292 1302 1303
f 1292 1303 1293
f 1293 1303 1304
f 1293 1304 1294
f 1294 1304 1305
f 1294 1305 1295
f 1297 1307 1308
f 1297 1308 1298
f 1298 1308 1309
f 1298 1309 1299
f 1299 1309 1310
f 1299 1310 1300
f 1302 1312 1313
f 1302 1313 1303
f 1303 1313 1314
f 1303 1314 1304
f 1304 1314 1315
f 1304 1315 1305
f 1307 1317 1318
f 1307 1318 1308
f 1308 1318 1319
f 1308 1319 1309
f 1309 1319 1320
f 1309 1320 1310
f 1312 1322 1323
f 1312 1323 1313
f 1313 1323 1324
f 1313 1324 1314
f 1314 1324 1325
f 1314 1325 1315
f 1317 1327 1328
f 1317 1328 1318
f 1318 1328 1329
f 1318 1329 1319
f 1319 1329 1330
f 1319 1330 1320
f 1322 1332 1333
f 1322 1333 1323
f 1323 1333 1334
f 1323 1334 1324
f 1324 1334 1335
f 1324 1335 1325
f 1327 1337 1338
f 1327 1338 1328
f 1328 1338 1339
f 1328 1339 1329
f 1329 1339 1340
f 1329 1340 1330
f 1332 1342 1343
f 1332 1343 1333
f 1333 1343 1344
f 1333 1344 1334
f 1334 1344 1345
f 1334 1345 1335
f 1337 1347 1348
f 1337 1348 1338
f 1338 1348 1349
f 1338 1349 1339
f 1339 1349 1350
f 1339 1350 1340
f 1342 1352 1353
f 1342 1353 1343
f 1343 1353 1354
f 1343 1354 1344
f 1344 1354 1355
f 1344 1355 1345
f 1347 1357 1358
f 1347 1358 1348
f 1348 1358 1359
f 1348 1359 1349
f 1349 1359 1360
f 1349 1360 1350
f 1352 1362 1363
f 1352 1363 1353
f 1353 1363 1364
f 1353 1364 1354
f 1354 1364 1365
f 1354 1365 1355
f 1357 1367 1368
f 1357 1368 1358
f 1358 1368 1369
f 1358 1369 1359
f 1359 1369 1370
f 1359 1370 1360
f 1362 1372 1373
f 1362 1373 1363
f 1363 1373 1374
f 1363 1374 1364
f 1364 1374 1375
f 1364 1375 1365
f 1367 1377 1378
f 1367 1378 1368
f 1368 1378 1379
f 1368 1379 1369
f 1369 1379 1380
f 1369 1380 1370
f 1372 1382 1383
f 1372 1383 1373
f 1373 1383 1384
f 1373 1384 1374
f 1374 1384 1385
f 1374 1385 1375
f 1377 1387 1388
f 1377 1388 1378
f 1378 1388 1389
f 1378 1389 1379
f 1379 1389 1390
f 1379 1390 1380
f 1382 1392 1393
f 1382 1393 1383
f 1383 1393 1394
f 1383 1394 1384
f 1384 1394 1395
f 1384 1395 1385
f 1387 1397 1398
f 1387 1398 1388
f 1388 1398 1399
f 1388 1399 1389
f 1389 1399 1400
f 1389 1400 1390
f 1392 1402 1403
f 1392 1403 1393
f 1393 1403 1404
f 1393 1404 1394
f 1394 1404 1405
f 1394 1405 1395
f 1397 1407 1408
f 1397 1408 1398
f 1398 1408 1409
f 1398 1409 1399
f 1399 1409 1410
f 1399 1410 1400
f 1402 1412 1413
f 1402 1413 1403
f 1403 1413 1414
f 1403 1414 1404
f 1404 1414 1415
f 1404 1415 1405
f 1407 1417 1418
f 1407 1418 1408
f 1408 1418 1419
f 1408 1419 1409
f 1409 1419 1420
f 1409 1420 1410
f 1412 1422 1423
f 1412 1423 1413
f 1413 1423 1424
f 1413 1424 1414
f 1414 1424 1425
f 1414 1425 1415
f 1417 1427 1428
f 1417 1428 1418
f 1418 1428 1429
f 1418 1429 1419
f 1419 1429 1430
f 1419 1430 1420
f 1422 1432 1433
f 1422 1433 1423
f 1423 1433 1434
f 1423 1434 1424
f 1424 1434 1435
f 1424 1435 1425
f 1427 1437 1438
f 1427 1438 1428
f 1428 1438 1439
f 1428 1439 1429
f 1429 1439 1440
f 1429 1440 1430
f 1432 1442 1443
f 1432 1443 1433
f 1433 1443 1444
f 1433 1444 1434
f 1434 1444 1445
f 1434 1445 1435
f 1437 1447 1448
f 1437 1448 1438
f 1438 1448 1449
f 1438 1449 1439
f 1439 1449 1450
f 1439 1450 1440
f 1442 1452 1453
f 1442 1453 1443
f 1443 1453 1454
f 1443 1454 1444
f 1444 1454 1455
f 1444 1455 1445
f 1447 1457 1458
f 1447 1458 1448
f 1448 1458 1459
f 1448 1459 1449
f 1449 1459 1460
f 1449 1460 1450
f 1452 1462 1463
f 1452 1463 1453
f 1453 1463 1464
f 1453 1464 1454
f 1454 1464 1465
f 1454 1465 1455
f 1457 1467 1468
f 1457 1468 1458
f 1458 1468 1469
f 1458 1469 1459
f 1459 1469 1470
f 1459 1470 1460
f 1462 1472 1473
f 1462 1473 1463
f 1463 1473 1474
f 1463 1474 1464
f 1464 1474 1475
f 1464 1475 1465
f 1467 1477 1478
f 1467 1478 1468
f 1468 1478 1479
f 1468 1479 1469
f 1469 1479 1480
f 1469 1480 1470
f 1472 1482 1483
f 1472 1483 1473
f 1473 1483 1484
f 1473 1484 1474
f 1474 1484 1485
f 1474 1485 1475
f 1477 1487 1488
f 1477 1488 1478
f 1478 1488 1489
f 1478 1489 1479
f 1479 1489 1490
f 1479 1490 1480
f 1482 1492 1493
f 1482 1493 1483
f 1483 1493 1494
f 1483 1494 1484
f 1484 1494 1495
f 1484 1495 1485
f 1487 1497 1498
f 1487 1498 1488
f 1488 1498 1499
f 1488 1499 1489
f 1489 1499 1500
f 1489 1500 1490
f 1492 1502 1503
f 1492 1503 1493
f 1493 1503 1504
f 1493 1504 1494
f 1494 1504 1505
f 1494 1505 1495
f 1497 1507 1508
f 1497 1508 1498
f 1498 1508 1509
f 1498 1509 1499
f 1499 1509 1510
f 1499 1510 1500
f 1502 1512 1513
f 1502 1513 1503
f 1503 1513 1514
f 1503 1514 1504
f 1504 1514 1515
f 1504 1515 1505
f 1507 1517 1518
f 1507 1518 1508
f 1508 1518 1519
f 1508 1519 1509
f 1509 1519 1520
f 1509 1520 1510
f 1512 1522 1523
f 1512 1523 1513
f 1513 1523 1524
f 1513 1524 1514
f 1514 1524 1525
f 1514 1525 1515
f 1517 1527 1528
f 1517 1528 1518
f 1518 1528 1529
f 1518 1529 1519
f 1519 1529 1530
f 1519 1530 1520
f 1522 1532 1533
f 1522 1533 1523
f 1523 1533 1534
f 1523 1534 1524
f 1524 1534 1535
f 1524 1535 1525
f 1527 1537 1538
f 1527 1538 1528
f 1528 1538 1539
f 1528 1539 1529
f 1529 1539 1540
f 1529 1540 1530
f 1532 1542 1543
f 1532 1543 1533
f 1533 1543 1544
f 1533 1544 1534
f 1534 1544 1545
f 1534 1545 1535
f 1537 1547 1548
f 1537 1548 1538
f 1538 1548 1549
f 1538 1549 1539
f 1539 1549 1550
f 1539 1550 1540
f 1542 1552 1553
f 1542 1553 1543
f 1543 1553 1554
f 1543 1554 1544
f 1544 1554 1555
f 1544 1555 1545
f 1547 1557 1558
f 1547 1558 1548
f 1548 1558 1559
f 1548 1559 1549
f 1549 1559 1560
f 1549 1560 1550
f 1552 1562 1563
f 1552 1563 1553
f 1553 1563 1564
f 1553 1564 1554
f 1554 1564 1565
f 1554 1565 1555
f 1557 1567 1568
f 1557 1568 1558
f 1558 1568 1569
f 1558 1569 1559
f 1559 1569 1570
f 1559 1570 1560
f 1562 1572 1573
f 1562 1573 1563
f 1563 1573 1574
f 1563 1574 1564
f 1564 1574 1575
f 1564 1575 1565
f 1567 1577 1578
f 1567 1578 1568
f 1568 1578 1579
f 1568 1579 1569
f 1569 1579 1580
f 1569 1580 1570
f 1572 1582 1583
f 1572 1583 1573
f 1573 1583 1584
f 1573 1584 1574
f 1574 1584 1585
f 1574 1585 1575
f 1577 1587 1588
f 1577 1588 1578
f 1578 1588 1589
f 1578 1589 1579
f 1579 1589 1590
f 1579 1590 1580
f 1582 1592 1593
f 1582 1593 1583
f 1583 1593 1594
f 1583 1594 1584
f 1584 1594 1595
f 1584 1595 1585
f 1587 1597 1598
f 1587 1598 1588
f 1588 1598 1599
f 1588 1599 1589
f 1589 1599 1600
f 1589 1600 1590
f 1592 1602 1603
f 1592 1603 1593
f 1593 1603 1604
f 1593 1604 1594
f 1594 1604 1605
f 1594 1605 1595
f 1597 1607 1608
f 1597 1608 1598
f 1598 1608 1609
f 1598 1609 1599
f 1599 1609 1610
f 1599 1610 1600
f 1602 1612 1613
f 1602 1613 1603
f 1603 1613 1614
f 1603 1614 1604
f 1604 1614 1615
f 1604 1615 1605
f 1607 1617 1618
f 1607 1618 1608
f 1608 1618 1619
f 1608 1619 1609
f 1609 1619 1620
f 1609 1620 1610
f 1612 1622 1623
f 1612 1623 1613
f 1613 1623 1624
f 1613 1624 1614
f 1614 1624 1625
f 1614 1625 1615
f 1617 1627 1628
f 1617 1628 1618
f 1618 1628 1629
f 1618 1629 1619
f 1619 1629 1630
f 1619 1630 1620
f 1622 1632 1633
f 1622 1633 1623
f 1623 1633 1634
f 1623 1634 1624
f 1624 1634 1635
f 1624 1635 1625
f 1627 1637 1638
f 1627 1638 1628
f 1628 1638 1639
f 1628 1639 1629
f 1629 1639 1640
f 1629 1640 1630
f 1632 1642 1643
f 1632 1643 1633
f 1633 1643 1644
f 1633 1644 1634
f 1634 1644 1645
f 1634 1645 1635
f 1637 1647 1648
f 1637 1648 1638
f 1638 1648 1649
f 1638 1649 1639
f 1639 1649 1650
f 1639 1650 1640
f 1642 1652 1653
f 1642 1653 1643
f 1643 1653 1654
f 1643 1654 1644
f 1644 1654 1655
f 1644 1655 1645
f 1647 1657 1658
f 1647 1658 1648
f 1648 1658 1659
f 1648 1659 1649
f 1649 1659 1660
f 1649 1660 1650
f 1652 1662 1663
f 1652 1663 1653
f 1653 1663 1664
f 1653 1664 1654
f 1654 1664 1665
f 1654 1665 1655
f 1657 1667 1668
f 1657 1668 1658
f 1658 1668 1669
f 1658 1669 1659
f 1659 1669 1670
f 1659 1670 1660
f 1662 1672 1673
f 1662 1673 1663
f 1663 1673 1674
f 1663 1674 1664
f 1664 1674 1675
f 1664 1675 1665
f 1667 1677 1678
f 1667 1678 1668
f 1668 1678 1679
f 1668 1679 1669
f 1669 1679 1680
f 1669 1680 1670
f 1672 1682 1683
f 1672 1683 1673
f 1673 1683 1684
f 1673 1684 1674
f 1674 1684 1685
f 1674 1685 1675
f 1677 1687 1688
f 1677 1688 1678
f 1678 1688 1689
f 1678 1689 1679
f 1679 1689 1690
f 1679 1690 1680
f 1682 1692 1693
f 1682 1693 1683
f 1683 1693 1694
f 1683 1694 1684
f 1684 1694 1695
f 1684 1695 1685
f 1687 1697 1698
f 1687 1698 1688
f 1688 1698 1699
f 1688 1699 1689
f 1689 1699 1700
f 1689 1700 1690
f 1692 1702 1703
f 1692 1703 1693
f 1693 1703 1704
f 1693 1704 1694
f 1694 1704 1705
f 1694 1705 1695
f 1697 1707 1708
f 1697 1708 1698
f 1698 1708 1709
f 1698 1709 1699
f 1699 1709 1710
f 1699 1710 1700
f 1702 1712 1713
f 1702 1713 1703
f 1703 1713 1714
f 1703 1714 1704
f 1704 1714 1715
f 1704 1715 1705
f 1707 1717 1718
f 1707 1718 1708
f 1708 1718 1719
f 1708 1719 1709
f 1709 1719 1720
f 1709 1720 1710
f 1712 1722 1723
f 1712 1723 1713
f 1713 1723 1724
f 1713 1724 1714
f 1714 1724 1725
f 1714 1725 1715
f 1717 1727 1728
f 1717 1728 1718
f 1718 1728 1729
f 1718 1729 1719
f 1719 1729 1730
f 1719 1730 1720
f 1722 1732 1733
f 1722 1733 1723
f 1723 1733 1734
f 1723 1734 1724
f 1724 1734 1735
f 1724 1735 1725
f 1727 1737 1738
f 1727 1738 1728
f 1728 1738 1739
f 1728 1739 1729
f 1729 1739 1740
f 1729 1740 1730
f 1732 1742 1743
f 1732 1743 1733
f 1733 1743 1744
f 1733 1744 1734
f 1734 1744 1745
f 1734 1745 1735
f 1737 1747 1748
f 1737 1748 1738
f 1738 1748 1749
f 1738 1749 1739
f 1739 1749 1750
f 1739 1750 1740
f 1742 1752 1753
f 1742 1753 1743
f 1743 1753 1754
f 1743 1754 1744
f 1744 1754 1755
f 1744 1755 1745
f 1747 1757 1758
f 1747 1758 1748
f 1748 1758 1759
f 1748 1759 1749
f 1749 1759 1760
f 1749 1760 1750
f 1752 1762 1763
f 1752 1763 1753
f 1753 1763 1764
f 1753 1764 1754
f 1754 1764 1765
f 1754 1765 1755
f 1757 1767 1768
f 1757 1768 1758
f 1758 1768 1769
f 1758 1769 1759
f 1759 1769 1770
f 1759 1770 1760
f 1762 1772 1773
f 1762 1773 1763
f 1763 1773 1774
f 1763 1774 1764
f 1764 1774 1775
f 1764 1775 1765
f 1767 1777 1778
f 1767 1778 1768
f 1768 1778 1779
f 1768 1779 1769
f 1769 1779 1780
f 1769 1780 1770
f 1772 1782 1783
f 1772 1783 1773
f 1773 1783 1784
f 1773 1784 1774
f 1774 1784 1785
f 1774 1785 1775
f 1777 1787 1788
f 1777 1788 1778
f 1778 1788 1789
f 1778 1789 1779
f 1779 1789 1790
f 1779 1790 1780
f 1782 1792 1793
f 1782 1793 1783
f 1783 1793 1794
f 1783 1794 1784
f 1784 1794 1795
f 1784 1795 1785
f 1787 1797 1798
f 1787 1798 1788
f 1788 1798 1799
f 1788 1799 1789
f 1789 1799 1800
f 1789 1800 1790
f 1792 1802 1803
f 1792 1803 1793
f 1793 1803 1804
f 1793 1804 1794
f 1794 1804 1805
f 1794 1805 1795
f 1797 1807 1808
f 1797 1808 1798
f 1798 1808 1809
f 1798 1809 1799
f 1799 1809 1810
f 1799 1810 1800
f 1802 1812 1813
f 1802 1813 1803
f 1803 1813 1814
f 1803 1814 1804
f 1804 1814 1815
f 1804 1815 1805
f 1807 1817 1818
f 1807 1818 1808
f 1808 1818 1819
f 1808 1819 1809
f 1809 1819 1820
f 1809 1820 1810
f 1812 1822 1823
f 1812 1823 1813
f 1813 1823 1824
f 1813 1824 1814
f 1814 1824 1825
f 1814 1825 1815
f 1817 1827 1828
f 1817 1828 1818
f 1818 1828 1829
f 1818 1829 1819
f 1819 1829 1830
f 1819 1830 1820
f 1822 1832 1833
f 1822 1833 1823
f 1823 1833 1834
f 1823 1834 1824
f 1824 1834 1835
f 1824 1835 1825
f 1827 1837 1838
f 1827 1838 1828
f 1828 1838 1839
f 1828 1839 1829
f 1829 1839 1840
f 1829 1840 1830
f 1832 1842 1843
f 1832 1843 1833
f 1833 1843 1844
f 1833 1844 1834
f 1834 1844 1845
f 1834 1845 1835
f 1837 1847 1848
f 1837 1848 1838
f 1838 1848 1849
f 1838 1849 1839
f 1839 1849 1850
f 1839 1850 1840
f 1842 1852 1853
f 1842 1853 1843
f 1843 1853 1854
f 1843 1854 1844
f 1844 1854 1855
f 1844 1855 1845
f 1847 1857 1858
f 1847 1858 1848
f 1848 1858 1859
f 1848 1859 1849
f 1849 1859 1860
f 1849 1860 1850
f 1852 1862 1863
f 1852 1863 1853
f 1853 1863 1864
f 1853 1864 1854
f 1854 1864 1865
f 1854 1865 1855
f 1857 1867 1868
f 1857 1868 1858
f 1858 1868 1869
f 1858 1869 1859
f 1859 1869 1870
f 1859 1870 1860
f 1862 1872 1873
f 1862 1873 1863
f 1863 1873 1874
f 1863 1874 1864
f 1864 1874 1875
f 1864 1875 1865
f 1867 1877 1878
f 1867 1878 1868
f 1868 1878 1879
f 1868 1879 1869
f 1869 1879 1880
f 1869 1880 1870
f 1872 1882 1883
f 1872 1883 1873
f 1873 1883 1884
f 1873 1884 1874
f 1874 1884 1885
f 1874 1885 1875
f 1877 1887 1888
f 1877 1888 1878
f 1878 1888 1889
f 1878 1889 1879
f 1879 1889 1890
f 1879 1890 1880
f 1882 1892 1893
f 1882 1893 1883
f 1883 1893 1894
f 1883 1894 1884
f 1884 1894 1895
f 1884 1895 1885
f 1887 1897 1898
f 1887 1898 1888
f 1888 1898 1899
f 1888 1899 1889
f 1889 1899 1900
f 1889 1900 1890
f 1892 1902 1903
f 1892 1903 1893
f 1893 1903 1904
f 1893 1904 1894
f 1894 1904 1905
f 1894 1905 1895
f 1897 1907 1908
f 1897 1908 1898
f 1898 1908 1909
f 1898 1909 1899
f 1899 1909 1910
f 1899 1910 1900
f 1902 1912 1913
f 1902 1913 1903
f 1903 1913 1914
f 1903 1914 1904
f 1904 1914 1915
f 1904 1915 1905
f 1907 1917 1918
f 1907 1918 1908
f 1908 1918 1919
f 1908 1919 1909
f 1909 1919 1920
f 1909 1920 1910
f 1912 1922 1923
f 1912 1923 1913
f 1913 1923 1924
f 1913 1924 1914
f 1914 1924 1925
f 1914 1925 1915
f 1917 1927 1928
f 1917 1928 1918
f 1918 1928 1929
f 1918 1929 1919
f 1919 1929 1930
f 1919 1930 1920
f 1922 1932 1933
f 1922 1933 1923
f 1923 1933 1934
f 1923 1934 1924
f 1924 1934 1935
f 1924 1935 1925
f 1927 1937 1938
f 1927 1938 1928
f 1928 1938 1939
f 1928 1939 1929
f 1929 1939 1940
f 1929 1940 1930
f 1932 1942 1943
f 1932 1943 1933
f 1933 1943 1944
f 1933 1944 1934
f 1934 1944 1945
f 1934 1945 1935
f 1937 1947 1948
f 1937 1948 1938
f 1938 1948 1949
f 1938 1949 1939
f 1939 1949 1950
f 1939 1950 1940
f 1942 1952 1953
f 1942 1953 1943
f 1943 1953 1954
f 1943 1954 1944
f 1944 1954 1955
f 1944 1955 1945
f 1947 1957 1958
f 1947 1958 1948
f 1948 1958 1959
f 1948 1959 1949
f 1949 1959 1960
f 1949 1960 1950
f 1952 1962 1963
f 1952 1963 1953
f 1953 1963 1964
f 1953 1964 1954
f 1954 1964 1965
f 1954 1965 1955
f 1957 1967 1968
f 1957 1968 1958
f 1958 1968 1969
f 1958 1969 1959
f 1959 1969 1970
f 1959 1970 1960
f 1962 1972 1973
f 1962 1973 1963
f 1963 1973 1974
f 1963 1974 1964
f 1964 1974 1975
f 1964 1975 1965
f 1967 1977 1978
f 1967 1978 1968
f 1968 1978 1979
f 1968 1979 1969
f 1969 1979 1980
f 1969 1980 1970
f 1972 1982 1983
f 1972 1983 1973
f 1973 1983 1984
f 1973 1984 1974
f 1974 1984 1985
f 1974 1985 1975
f 1977 1987 1988
f 1977 1988 1978
f 1978 1988 1989
f 1978 1989 1979
f 1979 1989 1990
f 1979 1990 1980
f 1982 1992 1993
f 1982 1993 1983
f 1983 1993 1994
f 1983 1994 1984
f 1984 1994 1995
f 1984 1995 1985
f 1987 1997 1998
f 1987 1998 1988
f 1988 1998 1999
f 1988 1999 1989
f 1989 1999 2000
f 1989 2000 1990
f 1992 2002 2003
f 1992 2003 1993
f 1993 2003 2004
f 1993 2004 1994
f 1994 2004 2005
f 1994 2005 1995
f 1997 2007 2008
f 1997 2008 1998
f 1998 2008 2009
f 1998 2009 1999
f 1999 2009 2010
f 1999 2010 2000
f 2002 2012 2013
f 2002 2013 2003
f 2003 2013 2014
f 2003 2014 2004
f 2004 2014 2015
f 2004 2015 2005
f 2007 2017 2018
f 2007 2018 2008
f 2008 2018 2019
f 2008 2019 2009
f 2009 2019 2020
f 2009 2020 2010
f 2012 2022 2023
f 2012 2023 2013
f 2013 2023 2024
f 2013 2024 2014
f 2014 2024 2025
f 2014 2025 2015
f 2017 2027 2028
f 2017 2028 2018
f 2018 2028 2029
f 2018 2029 2019
f 2019 2029 2030
f 2019 2030 2020
f 2022 2032 2033
f 2022 2033 2023
f 2023 2033 2034
f 2023 2034 2024
f 2024 2034 2035
f 2024 2035 2025
f 2027 2037 2038
f 2027 2038 2028
f 2028 2038 2039
f 2028 2039 2029
f 2029 2039 2040
f 2029 2040 2030
f 2032 2042 2043
f 2032 2043 2033
f 2033 2043 2044
f 2033 2044 2034
f 2034 2044 2045
f 2034 2045 2035
f 2037 2047 2048
f 2037 2048 2038
f 2038 2048 2049
f 2038 2049 2039
f 2039 2049 2050
f 2039 2050 2040
f 2042 2052 2053
f 2042 2053 2043
f 2043 2053 2054
f 2043 2054 2044
f 2044 2054 2055
f 2044 2055 2045
f 2047 2057 2058
f 2047 2058 2048
f 2048 2058 2059
f 2048 2059 2049
f 2049 2059 2060
f 2049 2060 2050
f 2052 2062 2063
f 2052 2063 2053
f 2053 2063 2064
f 2053 2064 2054
f 2054 2064 2065
f 2054 2065 2055
f 2057 2067 2068
f 2057 2068 2058
f 2058 2068 2069
f 2058 2069 2059
f 2059 2069 2070
f 2059 2070 2060
f 2062 2072 2073
f 2062 2073 2063
f 2063 2073 2074
f 2063 2074 2064
f 2064 2074 2075
f 2064 2075 2065
f 2067 2077 2078
f 2067 2078 2068
f 2068 2078 2079
f 2068 2079 2069
f 2069 2079 2080
f 2069 2080 2070
f 2072 2082 2083
f 2072 2083 2073
f 2073 2083 2084
f 2073 2084 2074
f 2074 2084 2085
f 2074 2085 2075
f 2077 2087 2088
f 2077 2088 2078
f 2078 2088 2089
f 2078 2089 2079
f 2079 2089 2090
f 2079 2090 2080
f 2082 2092 2093
f 2082 2093 2083
f 2083 2093 2094
f 2083 2094 2084
f 2084 2094 2095
f 2084 2095 2085
f 2087 2097 2098
f 2087 2098 2088
f 2088 2098 2099
f 2088 2099 2089
f 2089 2099 2100
f 2089 2100 2090
f 2092 2102 2103
f 2092 2103 2093
f 2093 2103 2104
f 2093 2104 2094
f 2094 2104 2105
f 2094 2105 2095
f 2097 2107 2108
f 2097 2108 2098
f 2098 2108 2109
f 2098 2109 2099
f 2099 2109 2110
f 2099 2110 2100
f 2102 2112 2113
f 2102 2113 2103
f 2103 2113 2114
f 2103 2114 2104
f 2104 2114 2115
f 2104 2115 2105
f 2107 2117 2118
f 2107 2118 2108
f 2108 2118 2119
f 2108 2119 2109
f 2109 2119 2120
f 2109 2120 2110
f 2112 2122 2123
f 2112 2123 2113
f 2113 2123 2124
f 2113 2124 2114
f 2114 2124 2125
f 2114 2125 2115
f 2117 2127 2128
f 2117 2128 2118
f 2118 2128 2129
f 2118 2129 2119
f 2119 2129 2130
f 2119 2130 2120
f 2122 2132 2133
f 2122 2133 2123
f 2123 2133 2134
f 2123 2134 2124
f 2124 2134 2135
f 2124 2135 2125
f 2127 2137 2138
f 2127 2138 2128
f 2128 2138 2139
f 2128 2139 2129
f 2129 2139 2140
f 2129 2140 2130
f 2132 2142 2143
f 2132 2143 2133
f 2133 2143 2144
f 2133 2144 2134
f 2134 2144 2145
f 2134 2145 2135
f 2137 2147 2148
f 2137 2148 2138
f 2138 2148 2149
f 2138 2149 2139
f 2139 2149 2150
f 2139 2150 2140
f 2142 2152 2153
f 2142 2153 2143
f 2143 2153 2154
f 2143 2154 2144
f 2144 2154 2155
f 2144 2155 2145
f 2147 2157 2158
f 2147 2158 2148
f 2148 2158 2159
f 2148 2159 2149
f 2149 2159 2160
f 2149 2160 2150
f 2152 2162 2163
f 2152 2163 2153
f 2153 2163 2164
f 2153 2164 2154
f 2154 2164 2165
f 2154 2165 2155
f 2157 2167 2168
f 2157 2168 2158
f 2158 2168 2169
f 2158 2169 2159
f 2159 2169 2170
f 2159 2170 2160
f 2162 2172 2173
f 2162 2173 2163
f 2163 2173 2174
f 2163 2174 2164
f 2164 2174 2175
f 2164 2175 2165
f 2167 2177 2178
f 2167 2178 2168
f 2168 2178 2179
f 2168 2179 2169
f 2169 2179 2180
f 2169 2180 2170
f 2172 2182 2183
f 2172 2183 2173
f 2173 2183 2184
f 2173 2184 2174
f 2174 2184 2185
f 2174 2185 2175
f 2177 2187 2188
f 2177 2188 2178
f 2178 2188 2189
f 2178 2189 2179
f 2179 2189 2190
f 2179 2190 2180
f 2182 2192 2193
f 2182 2193 2183
f 2183 2193 2194
f 2183 2194 2184
f 2184 2194 2195
f 2184 2195 2185
f 2187 2197 2198
f 2187 2198 2188
f 2188 2198 2199
f 2188 2199 2189
f 2189 2199 2200
f 2189 2200 2190
f 2192 2202 2203
f 2192 2203 2193
f 2193 2203 2204
f 2193 2204 2194
f 2194 2204 2205
f 2194 2205 2195
f 2197 2207 2208
f 2197 2208 2198
f 2198 2208 2209
f 2198 2209 2199
f 2199 2209 2210
f 2199 2210 2200
f 2202 2212 2213
f 2202 2213 2203
f 2203 2213 2214
f 2203 2214 2204
f 2204 2214 2215
f 2204 2215 2205
f 2207 2217 2218
f 2207 2218 2208
f 2208 2218 2219
f 2208 2219 2209
f 2209 2219 2220
f 2209 2220 2210
f 2212 2222 2223
f 2212 2223 2213
f 2213 2223 2224
f 2213 2224 2214
f 2214 2224 2225
f 2214 2225 2215
f 2217 2227 2228
f 2217 2228 2218
f 2218 2228 2229
f 2218 2229 2219
f 2219 2229 2230
f 2219 2230 2220
f 2222 2232 2233
f 2222 2233 2223
f 2223 2233 2234
f 2223 2234 2224
f 2224 2234 2235
f 2224 2235 2225
f 2227 2237 2238
f 2227 2238 2228
f 2228 2238 2239
f 2228 2239 2229
f 2229 2239 2240
f 2229 2240 2230
f 2232 2242 2243
f 2232 2243 2233
f 2233 2243 2244
f 2233 2244 2234
f 2234 2244 2245
f 2234 2245 2235
f 2237 2247 2248
f 2237 2248 2238
f 2238 2248 2249
f 2238 2249 2239
f 2239 2249 2250
f 2239 2250 2240
f 2242 2252 2253
f 2242 2253 2243
f 2243 2253 2254
f 2243 2254 2244
f 2244 2254 2255
f 2244 2255 2245
f 2247 2257 2258
f 2247 2258 2248
f 2248 2258 2259
f 2248 2259 2249
f 2249 2259 2260
f 2249 2260 2250
f 2252 2262 2263
f 2252 2263 2253
f 2253 2263 2264
f 2253 2264 2254
f 2254 2264 2265
f 2254 2265 2255
f 2257 2267 2268
f 2257 2268 2258
f 2258 2268 2269
f 2258 2269 2259
f 2259 2269 2270
f 2259 2270 2260
f 2262 2272 2273
f 2262 2273 2263
f 2263 2273 2274
f 2263 2274 2264
f 2264 2274 2275
f 2264 2275 2265
f 2267 2277 2278
f 2267 2278 2268
f 2268 2278 2279
f 2268 2279 2269
f 2269 2279 2280
f 2269 2280 2270
f 2272 2282 2283
f 2272 2283 2273
f 2273 2283 2284
f 2273 2284 2274
f 2274 2284 2285
f 2274 2285 2275
f 2277 2287 2288
f 2277 2288 2278
f 2278 2288 2289
f 2278 2289 2279
f 2279 2289 2290
f 2279 2290 2280
f 2282 2292 2293
f 2282 2293 2283
f 2283 2293 2294
f 2283 2294 2284
f 2284 2294 2295
f 2284 2295 2285
f 2287 2297 2298
f 2287 2298 2288
f 2288 2298 2299
f 2288 2299 2289
f 2289 2299 2300
f 2289 2300 2290
f 2292 2302 2303
f 2292 2303 2293
f 2293 2303 2304
f 2293 2304 2294
f 2294 2304 2305
f 2294 2305 2295
f 2297 2307 2308
f 2297 2308 2298
f 2298 2308 2309
f 2298 2309 2299
f 2299 2309 2310
f 2299 2310 2300
f 2302 2312 2313
f 2302 2313 2303
f 2303 2313 2314
f 2303 2314 2304
f 2304 2314 2315
f 2304 2315 2305
f 2307 2317 2318
f 2307 2318 2308
f 2308 2318 2319
f 2308 2319 2309
f 2309 2319 2320
f 2309 2320 2310
f 2312 2322 2323
f 2312 2323 2313
f 2313 2323 2324
f 2313 2324 2314
f 2314 2324 2325
f 2314 2325 2315
f 2317 2327 2328
f 2317 2328 2318
f 2318 2328 2329
f 2318 2329 2319
f 2319 2329 2330
f 2319 2330 2320
f 2322 2332 2333
f 2322 2333 2323
f 2323 2333 2334
f 2323 2334 2324
f 2324 2334 2335
f 2324 2335 2325
f 2327 2337 2338
f 2327 2338 2328
f 2328 2338 2339
f 2328 2339 2329
f 2329 2339 2340
f 2329 2340 2330
f 2332 2342 2343
f 2332 2343 2333
f 2333 2343 2344
f 2333 2344 2334
f 2334 2344 2345
f 2334 2345 2335
f 2337 2347 2348
f 2337 2348 2338
f 2338 2348 2349
f 2338 2349 2339
f 2339 2349 2350
f 2339 2350 2340
f 2342 2352 2353
f 2342 2353 2343
f 2343 2353 2354
f 2343 2354 2344
f 2344 2354 2355
f 2344 2355 2345
f 2347 2357 2358
f 2347 2358 2348
f 2348 2358 2359
f 2348 2359 2349
f 2349 2359 2360
f 2349 2360 2350
f 2352 2362 2363
f 2352 2363 2353
f 2353 2363 2364
f 2353 2364 2354
f 2354 2364 2365
f 2354 2365 2355
f 2357 2367 2368
f 2357 2368 2358
f 2358 2368 2369
f 2358 2369 2359
f 2359 2369 2370
f 2359 2370 2360
f 2362 2372 2373
f 2362 2373 2363
f 2363 2373 2374
f 2363 2374 2364
f 2364 2374 2375
f 2364 2375 2365
f 2367 2377 2378
f 2367 2378 2368
f 2368 2378 2379
f 2368 2379 2369
f 2369 2379 2380
f 2369 2380 2370
f 2372 2382 2383
f 2372 2383 2373
f 2373 2383 2384
f 2373 2384 2374
f 2374 2384 2385
f 2374 2385 2375
f 2377 2387 2388
f 2377 2388 2378
f 2378 2388 2389
f 2378 2389 2379
f 2379 2389 2390
f 2379 2390 2380
f 2382 2392 2393
f 2382 2393 2383
f 2383 2393 2394
f 2383 2394 2384
f 2384 2394 2395
f 2384 2395 2385
f 2387 2397 2398
f 2387 2398 2388
f 2388 2398 2399
f 2388 2399 2389
f 2389 2399 2400
f 2389 2400 2390
f 2392 2402 2403
f 2392 2403 2393
f 2393 2403 2404
f 2393 2404 2394
f 2394 2404 2405
f 2394 2405 2395
f 2397 2407 2408
f 2397 2408 2398
f 2398 2408 2409
f 2398 2409 2399
f 2399 2409 2410
f 2399 2410 2400
f 2402 2412 2413
f 2402 2413 2403
f 2403 2413 2414
f 2403 2414 2404
f 2404 2414 2415
f 2404 2415 2405
f 2407 2417 2418
f 2407 2418 2408
f 2408 2418 2419
f 2408 2419 2409
f 2409 2419 2420
f 2409 2420 2410
f 2412 2422 2423
f 2412 2423 2413
f 2413 2423 2424
f 2413 2424 2414
f 2414 2424 2425
f 2414 2425 2415
f 2417 2427 2428
f 2417 2428 2418
f 2418 2428 2429
f 2418 2429 2419
f 2419 2429 2430
f 2419 2430 2420
f 2422 2432 2433
f 2422 2433 2423
f 2423 2433 2434
f 2423 2434 2424
f 2424 2434 2435
f 2424 2435 2425
f 2427 2437 2438
f 2427 2438 2428
f 2428 2438 2439
f 2428 2439 2429
f 2429 2439 2440
f 2429 2440 2430
f 2432 2442 2443
f 2432 2443 2433
f 2433 2443 2444
f 2433 2444 2434
f 2434 2444 2445
f 2434 2445 2435
f 2437 2447 2448
f 2437 2448 2438
f 2438 2448 2449
f 2438 2449 2439
f 2439 2449 2450
f 2439 2450 2440
f 2442 2452 2453
f 2442 2453 2443
f 2443 2453 2454
f 2443 2454 2444
f 2444 2454 2455
f 2444 2455 2445
f 2447 2457 2458
f 2447 2458 2448
f 2448 2458 2459
f 2448 2459 2449
f 2449 2459 2460
f 2449 2460 2450
f 2452 2462 2463
f 2452 2463 2453
f 2453 2463 2464
f 2453 2464 2454
f 2454 2464 2465
f 2454 2465 2455
f 2457 2467 2468
f 2457 2468 2458
f 2458 2468 2469
f 2458 2469 2459
f 2459 2469 2470
f 2459 2470 2460
f 2462 2472 2473
f 2462 2473 2463
f 2463 2473 2474
f 2463 2474 2464
f 2464 2474 2475
f 2464 2475 2465
f 2467 2477 2478
f 2467 2478 2468
f 2468 2478 2479
f 2468 2479 2469
f 2469 2479 2480
f 2469 2480 2470
f 2472 2482 2483
f 2472 2483 2473
f 2473 2483 2484
f 2473 2484 2474
f 2474 2484 2485
f 2474 2485 2475
f 2477 2487 2488
f 2477 2488 2478
f 2478 2488 2489
f 2478 2489 2479
f 2479 2489 2490
f 2479 2490 2480
f 2482 2492 2493
f 2482 2493 2483
f 2483 2493 2494
f 2483 2494 2484
f 2484 2494 2495
f 2484 2495 2485
f 2487 2497 2498
f 2487 2498 2488
f 2488 2498 2499
f 2488 2499 2489
f 2489 2499 2500
f 2489 2500 2490
f 2492 2502 2503
f 2492 2503 2493
f 2493 2503 2504
f 2493 2504 2494
f 2494 2504 2505
f 2494 2505 2495
f 2497 2507 2508
f 2497 2508 2498
f 2498 2508 2509
f 2498 2509 2499
f 2499 2509 2510
f 2499 2510 2500
f 2502 2512 2513
f 2502 2513 2503
f 2503 2513 2514
f 2503 2514 2504
f 2504 2514 2515
f 2504 2515 2505
f 2507 2517 2518
f 2507 2518 2508
f 2508 2518 2519
f 2508 2519 2509
f 2509 2519 2520
f 2509 2520 2510
f 2512 2522 2523
f 2512 2523 2513
f 2513 2523 2524
f 2513 2524 2514
f 2514 2524 2525
f 2514 2525 2515
f 2517 2527 2528
f 2517 2528 2518
f 2518 2528 2529
f 2518 2529 2519
f 2519 2529 2530
f 2519 2530 2520
f 2522 2532 2533
f 2522 2533 2523
f 2523 2533 2534
f 2523 2534 2524
f 2524 2534 2535
f 2524 2535 2525
f 2527 2537 2538
f 2527 2538 2528
f 2528 2538 2539
f 2528 2539 2529
f 2529 2539 2540
f 2529 2540 2530
f 2532 2542 2543
f 2532 2543 2533
f 2533 2543 2544
f 2533 2544 2534
f 2534 2544 2545
f 2534 2545 2535
f 2537 2547 2548
f 2537 2548 2538
f 2538 2548 2549
f 2538 2549 2539
f 2539 2549 2550
f 2539 2550 2540
f 2542 2552 2553
f 2542 2553 2543
f 2543 2553 2554
f 2543 2554 2544
f 2544 2554 2555
f 2544 2555 2545
f 2547 2557 2558
f 2547 2558 2548
f 2548 2558 2559
f 2548 2559 2549
f 2549 2559 2560
f 2549 2560 2550
f 2552 2562 2563
f 2552 2563 2553
f 2553 2563 2564
f 2553 2564 2554
f 2554 2564 2565
f 2554 2565 2555
f 2557 2567 2568
f 2557 2568 2558
f 2558 2568 2569
f 2558 2569 2559
f 2559 2569 2570
f 2559 2570 2560
f 2562 2572 2573
f 2562 2573 2563
f 2563 2573 2574
f 2563 2574 2564
f 2564 2574 2575
f 2564 2575 2565
f 2567 2577 2578
f 2567 2578 2568
f 2568 2578 2579
f 2568 2579 2569
f 2569 2579 2580
f 2569 2580 2570
f 2572 2582 2583
f 2572 2583 2573
f 2573 2583 2584
f 2573 2584 2574
f 2574 2584 2585
f 2574 2585 2575
f 2577 2587 2588
f 2577 2588 2578
f 2578 2588 2589
f 2578 2589 2579
f 2579 2589 2590
f 2579 2590 2580
f 2582 2592 2593
f 2582 2593 2583
f 2583 2593 2594
f 2583 2594 2584
f 2584 2594 2595
f 2584 2595 2585
f 2587 2597 2598
f 2587 2598 2588
f 2588 2598 2599
f 2588 2599 2589
f 2589 2599 2600
f 2589 2600 2590
f 2592 2602 2603
f 2592 2603 2593
f 2593 2603 2604
f 2593 2604 2594
f 2594 2604 2605
f 2594 2605 2595
f 2597 2607 2608
f 2597 2608 2598
f 2598 2608 2609
f 2598 2609 2599
f 2599 2609 2610
f 2599 2610 2600
f 2602 2612 2613
f 2602 2613 2603
f 2603 2613 2614
f 2603 2614 2604
f 2604 2614 2615
f 2604 2615 2605
f 2607 2617 2618
f 2607 2618 2608
f 2608 2618 2619
f 2608 2619 2609
f 2609 2619 2620
f 2609 2620 2610
f 2612 2622 2623
f 2612 2623 2613
f 2613 2623 2624
f 2613 2624 2614
f 2614 2624 2625
f 2614 2625 2615
f 2617 2627 2628
f 2617 2628 2618
f 2618 2628 2629
f 2618 2629 2619
f 2619 2629 2630
f 2619 2630 2620
f 2622 2632 2633
f 2622 2633 2623
f 2623 2633 2634
f 2623 2634 2624
f 2624 2634 2635
f 2624 2635 2625
f 2627 2637 2638
f 2627 2638 2628
f 2628 2638 2639
f 2628 2639 2629
f 2629 2639 2640
f 2629 2640 2630
f 2632 2642 2643
f 2632 2643 2633
f 2633 2643 2644
f 2633 2644 2634
f 2634 2644 2645
f 2634 2645 2635
f 2637 2647 2648
f 2637 2648 2638
f 2638 2648 2649
f 2638 2649 2639
f 2639 2649 2650
f 2639 2650 2640
f 2642 2652 2653
f 2642 2653 2643
f 2643 2653 2654
f 2643 2654 2644
f 2644 2654 2655
f 2644 2655 2645
f 2647 2657 2658
f 2647 2658 2648
f 2648 2658 2659
f 2648 2659 2649
f 2649 2659 2660
f 2649 2660 2650
f 2652 2662 2663
f 2652 2663 2653
f 2653 2663 2664
f 2653 2664 2654
f 2654 2664 2665
f 2654 2665 2655
f 2657 2667 2668
f 2657 2668 2658
f 2658 2668 2669
f 2658 2669 2659
f 2659 2669 2670
f 2659 2670 2660
f 2662 2672 2673
f 2662 2673 2663
f 2663 2673 2674
f 2663 2674 2664
f 2664 2674 2675
f 2664 2675 2665
f 2667 2677 2678
f 2667 2678 2668
f 2668 2678 2679
f 2668 2679 2669
f 2669 2679 2680
f 2669 2680 2670
f 2672 2682 2683
f 2672 2683 2673
f 2673 2683 2684
f 2673 2684 2674
f 2674 2684 2685
f 2674 2685 2675
f 2677 2687 2688
f 2677 2688 2678
f 2678 2688 2689
f 2678 2689 2679
f 2679 2689 2690
f 2679 2690 2680
f 2682 2692 2693
f 2682 2693 2683
f 2683 2693 2694
f 2683 2694 2684
f 2684 2694 2695
f 2684 2695 2685
f 2687 2697 2698
f 2687 2698 2688
f 2688 2698 2699
f 2688 2699 2689
f 2689 2699 2700
f 2689 2700 2690
f 2692 2702 2703
f 2692 2703 2693
f 2693 2703 2704
f 2693 2704 2694
f 2694 2704 2705
f 2694 2705 2695
f 2697 2707 2708
f 2697 2708 2698
f 2698 2708 2709
f 2698 2709 2699
f 2699 2709 2710
f 2699 2710 2700
f 2702 2712 2713
f 2702 2713 2703
f 2703 2713 2714
f 2703 2714 2704
f 2704 2714 2715
f 2704 2715 2705
f 2707 2717 2718
f 2707 2718 2708
f 2708 2718 2719
f 2708 2719 2709
f 2709 2719 2720
f 2709 2720 2710
f 2712 2722 2723
f 2712 2723 2713
f 2713 2723 2724
f 2713 2724 2714
f 2714 2724 2725
f 2714 2725 2715
f 2717 2727 2728
f 2717 2728 2718
f 2718 2728 2729
f 2718 2729 2719
f 2719 2729 2730
f 2719 2730 2720
f 2722 2732 2733
f 2722 2733 2723
f 2723 2733 2734
f 2723 2734 2724
f 2724 2734 2735
f 2724 2735 2725
f 2727 2737 2738
f 2727 2738 2728
f 2728 2738 2739
f 2728 2739 2729
f 2729 2739 2740
f 2729 2740 2730
f 2732 2742 2743
f 2732 2743 2733
f 2733 2743 2744
f 2733 2744 2734
f 2734 2744 2745
f 2734 2745 2735
f 2737 2747 2748
f 2737 2748 2738
f 2738 2748 2749
f 2738 2749 2739
f 2739 2749 2750
f 2739 2750 2740
f 2742 2752 2753
f 2742 2753 2743
f 2743 2753 2754
f 2743 2754 2744
f 2744 2754 2755
f 2744 2755 2745
f 2747 2757 2758
f 2747 2758 2748
f 2748 2758 2759
f 2748 2759 2749
f 2749 2759 2760
f 2749 2760 2750
f 2752 2762 2763
f 2752 2763 2753
f 2753 2763 2764
f 2753 2764 2754
f 2754 2764 2765
f 2754 2765 2755
f 2757 2767 2768
f 2757 2768 2758
f 2758 2768 2769
f 2758 2769 2759
f 2759 2769 2770
f 2759 2770 2760
f 2762 2772 2773
f 2762 2773 2763
f 2763 2773 2774
f 2763 2774 2764
f 2764 2774 2775
f 2764 2775 2765
f 2767 2777 2778
f 2767 2778 2768
f 2768 2778 2779
f 2768 2779 2769
f 2769 2779 2780
f 2769 2780 2770
f 2772 2782 2783
f 2772 2783 2773
f 2773 2783 2784
f 2773 2784 2774
f 2774 2784 2785
f 2774 2785 2775
f 2777 2787 2788
f 2777 2788 2778
f 2778 2788 2789
f 2778 2789 2779
f 2779 2789 2790
f 2779 2790 2780
f 2782 2792 2793
f 2782 2793 2783
f 2783 2793 2794
f 2783 2794 2784
f 2784 2794 2795
f 2784 2795 2785
f 2787 2797 2798
f 2787 2798 2788
f 2788 2798 2799
f 2788 2799 2789
f 2789 2799 2800
f 2789 2800 2790
f 2792 2802 2803
f 2792 2803 2793
f 2793 2803 2804
f 2793 2804 2794
f 2794 2804 2805
f 2794 2805 2795
f 2797 2807 2808
f 2797 2808 2798
f 2798 2808 2809
f 2798 2809 2799
f 2799 2809 2810
f 2799 2810 2800
f 2802 2812 2813
f 2802 2813 2803
f 2803 2813 2814
f 2803 2814 2804
f 2804 2814 2815
f 2804 2815 2805
f 2807 2817 2818
f 2807 2818 2808
f 2808 2818 2819
f 2808 2819 2809
f 2809 2819 2820
f 2809 2820 2810
f 2812 2822 2823
f 2812 2823 2813
f 2813 2823 2824
f 2813 2824 2814
f 2814 2824 2825
f 2814 2825 2815
f 2817 2827 2828
f 2817 2828 2818
f 2818 2828 2829
f 2818 2829 2819
f 2819 2829 2830
f 2819 2830 2820
f 2822 2832 2833
f 2822 2833 2823
f 2823 2833 2834
f 2823 2834 2824
f 2824 2834 2835
f 2824 2835 2825
f 2827 2837 2838
f 2827 2838 2828
f 2828 2838 2839
f 2828 2839 2829
f 2829 2839 2840
f 2829 2840 2830
f 2832 2842 2843
f 2832 2843 2833
f 2833 2843 2844
f 2833 2844 2834
f 2834 2844 2845
f 2834 2845 2835
f 2837 2847 2848
f 2837 2848 2838
f 2838 2848 2849
f 2838 2849 2839
f 2839 2849 2850
f 2839 2850 2840
f 2842 2852 2853
f 2842 2853 2843
f 2843 2853 2854
f 2843 2854 2844
f 2844 2854 2855
f 2844 2855 2845
f 2847 2857 2858
f 2847 2858 2848
f 2848 2858 2859
f 2848 2859 2849
f 2849 2859 2860
f 2849 2860 2850
f 2852 2862 2863
f 2852 2863 2853
f 2853 2863 2864
f 2853 2864 2854
f 2854 2864 2865
f 2854 2865 2855
f 2857 2867 2868
f 2857 2868 2858
f 2858 2868 2869
f 2858 2869 2859
f 2859 2869 2870
f 2859 2870 2860
f 2862 2872 2873
f 2862 2873 2863
f 2863 2873 2874
f 2863 2874 2864
f 2864 2874 2875
f 2864 2875 2865
f 2867 2877 2878
f 2867 2878 2868
f 2868 2878 2879
f 2868 2879 2869
f 2869 2879 2880
f 2869 2880 2870
f 2872 2882 2883
f 2872 2883 2873
f 2873 2883 2884
f 2873 2884 2874
f 2874 2884 2885
f 2874 2885 2875
f 2877 2887 2888
f 2877 2888 2878
f 2878 2888 2889
f 2878 2889 2879
f 2879 2889 2890
f 2879 2890 2880
f 2882 2892 2893
f 2882 2893 2883
f 2883 2893 2894
f 2883 2894 2884
f 2884 2894 2895
f 2884 2895 2885
f 2887 2897 2898
f 2887 2898 2888
f 2888 2898 2899
f 2888 2899 2889
f 2889 2899 2900
f 2889 2900 2890
f 2892 2902 2903
f 2892 2903 2893
f 2893 2903 2904
f 2893 2904 2894
f 2894 2904 2905
f 2894 2905 2895
f 2897 2907 2908
f 2897 2908 2898
f 2898 2908 2909
f 2898 2909 2899
f 2899 2909 2910
f 2899 2910 2900
f 2902 2912 2913
f 2902 2913 2903
f 2903 2913 2914
f 2903 2914 2904
f 2904 2914 2915
f 2904 2915 2905
f 2907 2917 2918
f 2907 2918 2908
f 2908 2918 2919
f 2908 2919 2909
f 2909 2919 2920
f 2909 2920 2910
f 2912 2922 2923
f 2912 2923 2913
f 2913 2923 2924
f 2913 2924 2914
f 2914 2924 2925
f 2914 2925 2915
f 2917 2927 2928
f 2917 2928 2918
f 2918 2928 2929
f 2918 2929 2919
f 2919 2929 2930
f 2919 2930 2920
f 2922 2932 2933
f 2922 2933 2923
f 2923 2933 2934
f 2923 2934 2924
f 2924 2934 2935
f 2924 2935 2925
f 2927 2937 2938
f 2927 2938 2928
f 2928 2938 2939
f 2928 2939 2929
f 2929 2939 2940
f 2929 2940 2930
f 2932 2942 2943
f 2932 2943 2933
f 2933 2943 2944
f 2933 2944 2934
f 2934 2944 2945
f 2934 2945 2935
f 2937 2947 2948
f 2937 2948 2938
f 2938 2948 2949
f 2938 2949 2939
f 2939 2949 2950
f 2939 2950 2940
f 2942 2952 2953
f 2942 2953 2943
f 2943 2953 2954
f 2943 2954 2944
f 2944 2954 2955
f 2944 2955 2945
f 2947 2957 2958
f 2947 2958 2948
f 2948 2958 2959
f 2948 2959 2949
f 2949 2959 2960
f 2949 2960 2950
f 2961 2 1
f 2961 3 2
f 2961 4 3
f 2961 5 4
f 2961 6 5
f 2961 7 6
f 2961 8 7
f 2961 9 8
f 2961 10 9
f 2961 1 10
f 2962 2951 2952
f 2962 2952 2953
f 2962 2953 2954
f 2962 2954 2955
f 2962 2955 2956
f 2962 2956 2957
f 2962 2957 2958
f 2962 2958 2959
f 2962 2959 2960
f 2962 2960 2951
